,gender,hometown,current_city,need_roommate,open_to_other_branch,work_ex,dist_from_uni,apt_type,rent_budget,alcohol,smoking,food_pref,cul_skills,looking_for_roommate,MS Biotechnology,MS Civil Engineering,MS Computer Science,MS Computer Systems Engineering,MS Data Science,MS Electrical and Computer Engineering,MS Energy Systems,MS Engineering Management,MS Industrial Engineering,MS Information Assurance and Cyber Security,MS Information Systems,MS Mechanical Engineering,MS Project Management,Others,hall_yes_no,max_ppr,1BHK,2 BHK,3BHK,4 BHK,Studio
0,0,mumbai,mumbai,Yes,Yes,3.5,3.0,"1BHK, 2 BHK",550,1,1,0,0,0,0,0,1,0,0,0,0,0,0,0,0,0,0,0,0,3.0,1,1,0,0,0
1,0,patna,bangalore,Yes,Yes,3.5,3.0,"1BHK, 2 BHK, 3BHK, 4 BHK",550,0,0,0,1,0,0,0,1,0,0,0,0,0,0,0,0,0,0,0,0,3.0,1,1,1,1,0
2,1,davanagere,bangalore,Yes,Yes,1.8,3.0,"1BHK, 2 BHK, 3BHK",550,0,1,0,0,0,0,0,1,0,0,0,0,0,0,0,0,0,0,0,0,2.0,1,1,1,0,0
3,0,kolkata,kolkata,Yes,Yes,3.5,5.0,"1BHK, 2 BHK, 3BHK, 4 BHK",500,0,0,0,0,0,0,0,1,0,0,0,0,0,0,0,0,0,0,0,1,3.0,1,1,1,1,0
4,0,chennai,chennai,No,Yes,2.0,10.0,"Studio, 1BHK, 2 BHK, 3BHK",700,0,1,1,0,0,0,0,1,0,0,0,0,0,0,0,0,0,0,0,0,3.0,1,1,1,0,1
5,1,mangalore,pune,Yes,Yes,2.8,3.0,"1BHK, 2 BHK",550,0,0,0,0,0,0,0,1,0,0,0,0,0,0,0,0,0,0,0,0,1.0,1,1,0,0,0
6,0,nileshwar,bangalore,Yes,Yes,3.0,10.0,"Studio, 1BHK, 2 BHK",400,0,0,0,2,0,0,0,0,0,0,0,0,1,0,0,0,0,0,0,0,2.0,1,1,0,0,1
7,1,indore,mumbai,Yes,Yes,3.5,5.0,"Studio, 1BHK, 2 BHK, 3BHK, 4 BHK",1000,0,1,1,0,0,0,0,1,0,0,0,0,0,0,0,0,0,0,0,0,1.0,1,1,1,1,1
8,0,bangalore,chennai,Yes,Yes,0.6,3.0,2 BHK,500,0,0,0,0,0,0,0,0,0,0,0,0,1,0,0,0,0,0,0,1,4.0,0,1,0,0,0
9,0,pune,pune,Yes,Yes,2.5,3.0,"2 BHK, 3BHK, 4 BHK",500,0,0,0,0,1,0,0,0,0,0,0,0,1,0,0,0,0,0,0,0,4.0,0,1,1,1,0
10,0,bangalore,mumbai,Yes,Yes,2.5,1.0,2 BHK,550,0,1,1,0,0,0,0,0,0,0,0,0,0,0,0,0,0,0,1,0,2.0,0,1,0,0,0
11,0,hyderabad,hyderabad,Yes,Yes,0.8,10.0,"2 BHK, 3BHK",500,0,1,0,0,0,0,0,1,0,0,0,0,0,0,0,0,0,0,0,0,3.0,0,1,1,0,0
12,0,bangalore,bangalore,Yes,Yes,0.0,3.0,2 BHK,550,0,0,0,0,0,0,1,0,0,0,0,0,0,0,0,0,0,0,0,0,1.0,0,1,0,0,0
13,0,amravati,nagpur,Yes,Yes,0.0,5.0,"1BHK, 2 BHK, 3BHK, 4 BHK",700,0,0,0,0,0,0,0,0,0,0,0,0,1,0,0,0,0,0,0,0,3.0,1,1,1,1,0
14,1,d,h,Yes,Yes,5.0,1.0,Studio,500,0,0,2,0,1,0,0,1,0,0,0,0,0,0,0,0,0,0,0,0,2.0,0,0,0,0,1
15,1,pune,pune,Yes,Yes,0.0,3.0,"Studio, 1BHK",550,0,1,0,0,0,0,0,1,0,0,0,0,0,0,0,0,0,0,0,0,2.0,1,0,0,0,1
16,0,chennai,chennai,Yes,Yes,3.5,5.0,"1BHK, 2 BHK, 3BHK, 4 BHK",500,0,0,0,0,1,0,0,1,0,0,0,0,0,0,0,0,0,0,0,0,4.0,1,1,1,1,0
17,0,mumbai,"wadala, mumbai",Yes,Yes,1.0,3.0,"Studio, 1BHK, 2 BHK, 3BHK, 4 BHK",700,0,1,0,0,1,0,0,0,0,0,1,0,0,0,0,0,0,0,0,0,1.0,1,1,1,1,1
18,0,nagpur,nagpur,Yes,Yes,0.0,5.0,"Studio, 1BHK, 2 BHK, 3BHK, 4 BHK",700,0,1,0,0,0,0,0,1,0,0,0,0,0,0,0,0,0,0,0,1,4.0,1,1,1,1,1
19,0,vadodara,vadodara,Yes,Yes,0.3,3.0,2 BHK,550,1,1,0,0,1,0,0,0,0,0,0,1,0,0,0,0,0,0,0,0,4.0,0,1,0,0,0
20,0,bangalore,bangalore,Yes,Yes,0.0,3.0,"2 BHK, 3BHK",450,0,1,1,0,0,0,0,0,0,0,0,0,1,0,0,0,0,0,0,0,2.0,0,1,1,0,0
21,0,kochi,kochi,Yes,Yes,1.8,5.0,"1BHK, 2 BHK, 3BHK, 4 BHK",700,0,0,0,0,1,0,0,1,0,0,0,0,0,0,0,0,0,0,0,0,2.0,1,1,1,1,0
22,0,mumbai,mumbai,Yes,Yes,0.0,5.0,"Studio, 1BHK",500,0,1,0,0,1,0,0,0,0,0,0,0,0,0,0,1,0,0,0,0,2.0,1,0,0,0,1
23,0,bangalore,bangalore,Yes,Yes,2.0,5.0,"Studio, 2 BHK, 3BHK",500,0,0,0,1,1,0,0,1,0,0,0,0,0,0,0,0,0,0,0,0,4.0,0,1,1,0,1
24,0,mumbai,mumbai,Yes,Yes,0.4,3.0,"Studio, 1BHK, 2 BHK, 3BHK, 4 BHK",500,2,0,0,0,0,0,0,0,0,0,0,0,1,0,0,0,0,0,0,1,4.0,1,1,1,1,1
25,0,sirsa,pune,Yes,Yes,2.2,5.0,"1BHK, 2 BHK, 3BHK",550,2,0,0,0,0,0,0,1,0,0,0,0,0,0,0,0,0,0,0,0,2.0,1,1,1,0,0
26,0,pune,pune,Yes,Yes,0.0,5.0,"1BHK, 2 BHK, 3BHK, 4 BHK",550,0,1,0,0,0,0,0,1,0,0,0,0,0,0,0,0,0,0,0,1,4.0,1,1,1,1,0
27,0,mumbai,mumbai,Yes,Yes,0.3,5.0,"1BHK, 2 BHK, 3BHK, 4 BHK",500,0,0,0,1,1,0,0,0,0,0,0,0,1,0,0,0,0,0,0,0,2.0,1,1,1,1,0
28,0,pune,pune,Yes,Yes,0.0,5.0,"Studio, 1BHK, 2 BHK, 3BHK, 4 BHK",700,2,0,0,0,1,0,0,0,0,0,0,0,0,0,1,0,0,0,0,0,3.0,1,1,1,1,1
29,0,lucknow,raipur,Yes,No,0.0,5.0,"Studio, 1BHK, 2 BHK, 3BHK, 4 BHK",550,1,1,0,0,0,0,0,1,0,0,0,0,0,0,0,0,0,0,0,0,4.0,1,1,1,1,1
30,0,chennai,chennai,Yes,Yes,3.0,3.0,"2 BHK, 3BHK",450,0,1,0,0,0,0,0,0,0,0,1,0,0,0,0,0,0,0,0,0,4.0,0,1,1,0,0
31,0,kolkata,bangalore,Yes,No,3.5,5.0,"1BHK, 2 BHK",500,0,1,0,0,0,0,0,1,0,0,0,0,0,0,0,0,0,0,0,0,3.0,1,1,0,0,0
32,0,jabalpur,nagpur,Yes,Yes,1.0,5.0,"1BHK, 2 BHK",700,0,1,0,0,0,0,0,1,0,0,0,0,0,0,0,0,0,0,0,0,3.0,1,1,0,0,0
33,0,chennai,chennai,Yes,Yes,0.0,5.0,3BHK,1000,0,1,1,2,1,0,0,0,0,0,1,0,0,0,0,0,0,0,0,0,1.0,0,0,1,0,0
34,1,margao goa,goa,Yes,Yes,1.0,3.0,2 BHK,450,0,0,0,0,1,0,0,0,0,0,1,0,0,0,0,0,0,0,0,0,3.0,0,1,0,0,0
35,0,mumbai,mumbai,Yes,Yes,1.8,10.0,"Studio, 1BHK, 2 BHK, 3BHK, 4 BHK",700,0,1,1,0,0,0,0,1,0,0,0,0,0,0,0,0,0,0,0,0,2.0,1,1,1,1,1
36,0,hyderabad,hyderabad,Yes,Yes,0.0,10.0,"Studio, 1BHK, 2 BHK, 3BHK, 4 BHK",700,0,0,0,0,0,0,1,0,0,0,0,0,0,0,0,0,0,0,0,0,4.0,1,1,1,1,1
37,1,gujarat,mumbai,Yes,No,0.75,1.0,"2 BHK, 3BHK, 4 BHK",550,0,1,1,0,0,0,0,1,0,0,0,0,0,0,0,0,0,0,0,0,1.0,0,1,1,1,0
38,0,patna,bangalore,Yes,Yes,2.0,3.0,"Studio, 1BHK, 2 BHK, 3BHK, 4 BHK",500,0,0,0,0,0,0,0,0,0,0,0,0,0,0,0,1,0,0,0,0,3.0,1,1,1,1,1
39,0,gujarat,vadodara,Yes,Yes,2.2,10.0,"1BHK, 2 BHK",500,1,1,1,0,0,0,0,1,0,0,0,0,0,0,0,0,0,0,0,1,3.0,1,1,0,0,0
40,0,gurgaon,gurgaon,Yes,Yes,3.0,10.0,"1BHK, 2 BHK",500,0,0,0,0,0,0,0,1,0,0,0,0,0,0,0,0,0,0,0,1,4.0,1,1,0,0,0
41,0,pune,"ann arbor, michigan",Yes,Yes,1.0,5.0,"2 BHK, 3BHK, 4 BHK",700,0,0,0,0,1,0,0,0,0,0,0,0,0,0,0,0,0,0,1,0,2.0,0,1,1,1,0
42,0,vijayawada,vijayawada,Yes,Yes,0.0,3.0,"1BHK, 2 BHK, 3BHK, 4 BHK",700,0,0,0,0,0,0,0,0,0,1,0,0,0,0,0,0,0,0,0,0,4.0,1,1,1,1,0
43,0,pune,pune,Yes,Yes,0.0,1.0,"Studio, 1BHK, 2 BHK",700,0,0,0,0,0,0,0,0,0,0,0,0,1,0,0,0,0,0,0,0,2.0,1,1,0,0,1
44,0,mulund,mumbai,Yes,Yes,0.0,3.0,1BHK,450,0,0,0,0,0,0,0,0,0,0,0,0,0,0,0,1,0,0,0,0,4.0,1,0,0,0,0
45,0,amravati,pune,Yes,Yes,0.0,3.0,"2 BHK, 3BHK",550,0,0,0,1,0,0,0,0,0,0,0,0,0,0,1,0,0,0,0,0,4.0,0,1,1,0,0
46,0,mumbai,mumbai,Yes,Yes,0.0,3.0,"1BHK, 2 BHK, 3BHK, 4 BHK",500,0,0,0,0,0,0,0,0,0,0,0,0,0,0,0,0,1,0,0,0,2.0,1,1,1,1,0
47,0,visakhapatnam,goa,Yes,No,1.0,1.0,"Studio, 1BHK, 2 BHK, 3BHK, 4 BHK",700,1,1,0,0,0,0,0,0,0,0,0,0,0,0,0,0,0,0,1,0,4.0,1,1,1,1,1
48,0,indore,hyderabad,Yes,Yes,3.6,5.0,"Studio, 1BHK, 2 BHK, 3BHK, 4 BHK",400,0,0,0,2,0,0,0,0,0,0,0,0,0,0,0,1,0,0,0,0,3.0,1,1,1,1,1
49,0,mumbai,mumbai,Yes,Yes,2.7,5.0,"1BHK, 2 BHK, 3BHK",500,0,0,0,0,0,0,0,0,0,0,0,0,0,0,0,1,0,0,0,0,4.0,1,1,1,0,0
50,0,kalaburagi,bangalore,Yes,Yes,2.6,5.0,"1BHK, 2 BHK, 3BHK",450,0,0,0,0,0,0,0,0,0,0,0,0,0,0,0,1,0,0,0,0,2.0,1,1,1,0,0
51,0,udupi karnataka,bangalore,Yes,Yes,2.6,5.0,"1BHK, 2 BHK, 3BHK",450,0,0,0,0,0,0,0,0,0,0,0,0,0,0,0,1,0,0,0,0,2.0,1,1,1,0,0
52,0,kalaburagi,bangalore,Yes,Yes,2.6,5.0,"1BHK, 2 BHK, 3BHK",450,0,0,0,0,0,0,0,0,0,0,0,0,0,0,0,1,0,0,0,0,2.0,1,1,1,0,0
53,0,delhi,hyderabad,Yes,Yes,2.8,3.0,"2 BHK, 3BHK, 4 BHK",550,0,0,0,0,0,0,0,1,0,0,0,0,0,0,0,0,0,0,0,1,3.0,0,1,1,1,0
54,1,tamil nadu,delhi,Yes,Yes,1.5,5.0,"1BHK, 2 BHK",450,0,1,1,0,0,0,0,1,0,0,0,0,0,0,0,0,0,0,0,0,2.0,1,1,0,0,0
55,0,mumbai,mumbai,Yes,Yes,0.0,3.0,"2 BHK, 3BHK",1000,0,0,0,2,0,0,0,0,0,0,0,0,1,0,0,0,0,0,0,0,2.0,0,1,1,0,0
56,0,bangalore,bangalore,Yes,Yes,2.5,1.0,"Studio, 1BHK, 2 BHK, 3BHK, 4 BHK",500,1,1,1,0,0,0,0,0,0,0,0,0,0,0,0,1,0,0,0,0,4.0,1,1,1,1,1
57,0,dehradun,dehradun,Yes,Yes,0.0,1.0,2 BHK,500,0,1,0,0,0,0,0,1,0,0,0,0,0,0,0,0,0,0,0,1,3.0,0,1,0,0,0
58,0,azamgarh,chennai,Yes,Yes,1.5,3.0,2 BHK,450,0,0,0,0,0,0,0,0,0,0,0,0,0,0,0,0,0,0,1,0,2.0,0,1,0,0,0
59,0,chennai,chennai,Yes,Yes,1.5,3.0,"1BHK, 2 BHK",400,1,1,1,0,0,0,0,0,0,0,0,0,0,0,0,0,0,0,1,0,3.0,1,1,0,0,0
60,0,chennai,chennai,Yes,Yes,2.0,5.0,"1BHK, 2 BHK, 3BHK",550,0,1,1,0,0,0,0,1,0,0,0,0,0,0,0,0,0,0,0,1,4.0,1,1,1,0,0
61,0,thanjavur,bangalore,Yes,Yes,1.7,5.0,"1BHK, 2 BHK, 3BHK, 4 BHK",550,0,1,0,0,0,0,0,1,0,0,0,0,0,0,0,0,0,0,0,1,4.0,1,1,1,1,0
62,0,pune,pune,Yes,Yes,2.0,3.0,"Studio, 1BHK, 2 BHK, 3BHK",550,0,1,0,0,0,0,0,0,0,0,0,0,0,0,0,0,1,0,0,1,4.0,1,1,1,0,1
63,0,pune,pune,Yes,Yes,0.0,3.0,"1BHK, 2 BHK, 3BHK",500,0,0,0,0,0,0,0,1,0,0,0,0,0,0,0,0,0,0,0,0,1.0,1,1,1,0,0
64,0,delhi,bangalore,Yes,Yes,0.9,3.0,"2 BHK, 3BHK, 4 BHK",500,0,0,0,2,1,0,0,1,0,0,0,0,0,0,0,0,0,0,0,0,3.0,0,1,1,1,0
65,0,mumbai,mumbai,Yes,Yes,2.0,3.0,2 BHK,700,0,1,1,0,0,0,0,1,0,0,0,0,0,0,0,0,0,0,0,0,4.0,0,1,0,0,0
66,1,bangalore,bangalore,Yes,Yes,2.0,5.0,"2 BHK, 3BHK",550,0,1,0,0,0,0,0,0,0,0,0,0,0,0,0,1,0,0,0,0,2.0,0,1,1,0,0
67,1,pune,pune,Yes,Yes,0.5,1.0,"Studio, 1BHK, 2 BHK, 3BHK, 4 BHK",700,1,1,1,0,0,0,0,0,0,0,0,0,0,0,0,1,0,0,0,0,4.0,1,1,1,1,1
68,0,surat,surat,Yes,Yes,1.0,5.0,2 BHK,500,0,1,0,0,0,0,0,0,0,0,0,0,1,0,0,0,0,0,0,0,2.0,0,1,0,0,0
69,0,bangalore,bangalore,Yes,No,1.5,3.0,"1BHK, 2 BHK",500,1,1,0,0,0,0,0,0,0,0,0,0,0,0,0,1,0,0,0,0,4.0,1,1,0,0,0
70,1,bangalore,bangalore,Yes,Yes,1.5,3.0,"2 BHK, 3BHK, 4 BHK",450,0,1,1,0,0,0,0,0,0,0,0,0,0,0,1,0,0,0,0,0,2.0,0,1,1,1,0
71,1,gujarat,mumbai,Yes,Yes,0.0,3.0,"1BHK, 2 BHK",500,0,1,1,0,0,0,0,0,0,0,0,0,0,0,0,1,0,0,0,0,4.0,1,1,0,0,0
72,0,mysore,mysore,Yes,Yes,2.4,3.0,"2 BHK, 3BHK",450,0,0,1,0,0,0,0,0,0,0,0,0,0,0,1,0,0,0,0,0,2.0,0,1,1,0,0
73,0,gulbarga,bangalore,Yes,Yes,3.5,10.0,"Studio, 1BHK, 2 BHK, 3BHK, 4 BHK",400,0,0,0,0,0,0,0,0,0,0,0,0,0,0,0,1,0,0,0,0,3.0,1,1,1,1,1
74,0,jaipur,mumbai,Yes,Yes,3.0,5.0,"Studio, 1BHK, 2 BHK, 3BHK, 4 BHK",550,0,0,0,0,0,0,0,0,0,0,0,0,1,0,0,0,0,0,0,0,2.0,1,1,1,1,1
75,0,mumbai,mumbai,Yes,Yes,0.0,5.0,"3BHK, 4 BHK",550,2,2,0,0,0,0,0,0,0,0,0,0,1,0,0,0,0,0,0,0,1.0,0,0,1,1,0
76,0,vadodara,vadodara,Yes,Yes,0.0,5.0,"1BHK, 2 BHK",550,0,0,0,0,0,0,0,0,0,0,0,0,1,0,0,0,0,0,0,0,2.0,1,1,0,0,0
77,0,bangalore,bangalore,Yes,Yes,0.0,1.0,"1BHK, 2 BHK, 3BHK, 4 BHK",700,2,0,0,0,1,0,0,0,0,0,0,0,0,0,0,1,0,0,0,0,1.0,1,1,1,1,0
78,0,mumbai,mumbai,Yes,No,1.0,3.0,2 BHK,500,0,0,0,0,0,0,0,0,0,0,0,0,0,0,0,1,0,0,0,0,1.0,0,1,0,0,0
79,0,chennai,chennai,Yes,Yes,5.0,3.0,"Studio, 1BHK, 2 BHK",450,0,0,0,0,0,0,0,0,0,0,0,0,0,0,0,0,1,0,0,0,3.0,1,1,0,0,1
80,0,meerut,meerut,Yes,Yes,2.8,5.0,"Studio, 1BHK, 2 BHK, 3BHK",700,0,0,0,0,0,0,0,0,0,0,0,0,1,0,0,0,0,0,0,0,2.0,1,1,1,0,1
81,0,pondicherry,bangalore,Yes,Yes,2.0,10.0,"2 BHK, 3BHK, 4 BHK",550,0,1,1,0,0,0,0,1,0,0,0,0,0,0,0,0,0,0,0,1,4.0,0,1,1,1,0
82,1,"chittaurgarh, rajasthan","pune, maharashtra",Yes,Yes,1.7,1.0,"Studio, 1BHK, 2 BHK, 3BHK, 4 BHK",450,0,0,1,1,0,0,0,1,0,0,0,0,0,0,0,0,0,0,0,0,2.0,1,1,1,1,1
83,1,mumbai,mumbai,Yes,Yes,5.0,1.0,1BHK,400,0,1,0,1,1,0,0,0,0,0,0,0,1,0,0,0,0,0,0,0,4.0,1,0,0,0,0
84,1,mumbai,mumbai,Yes,Yes,0.0,10.0,"Studio, 2 BHK, 3BHK, 4 BHK",500,0,0,0,0,0,0,0,0,0,0,0,0,0,0,0,1,0,0,0,0,1.0,0,1,1,1,1
85,1,mumbai,mumbai,Yes,Yes,0.0,1.0,"2 BHK, 3BHK, 4 BHK",500,0,0,0,0,0,0,0,0,0,0,0,0,0,0,0,0,0,0,1,0,2.0,0,1,1,1,0
86,1,mumbai,mumbai,Yes,Yes,0.0,3.0,2 BHK,500,0,0,0,0,0,0,0,0,0,0,0,0,0,0,0,0,0,0,1,0,1.0,0,1,0,0,0
87,0,mysore,bengaluru,Yes,Yes,6.5,5.0,"Studio, 1BHK, 2 BHK",450,0,0,0,0,0,0,0,1,0,0,0,0,0,0,0,0,0,0,0,1,2.0,1,1,0,0,1
88,1,lucknow,bangalore,Yes,Yes,2.5,1.0,"1BHK, 2 BHK",$1000 +,0,0,0,0,0,0,0,0,0,0,0,0,0,0,0,1,0,0,0,0,3.0,1,1,0,0,0
89,1,tamilnadu,bangalore,Yes,Yes,0.0,10.0,"2 BHK, 3BHK, 4 BHK",700,0,0,0,0,0,0,0,0,0,0,0,0,1,0,0,0,0,0,0,0,2.0,0,1,1,1,0
90,0,kolkata,mysore,Yes,Yes,2.5,10.0,"Studio, 1BHK, 2 BHK, 3BHK, 4 BHK",500,2,0,0,0,1,0,0,1,0,0,0,0,0,0,0,0,0,0,0,0,4.0,1,1,1,1,1
91,0,godhra,pune,Yes,Yes,2.0,10.0,"2 BHK, 3BHK, 4 BHK",550,0,0,0,0,0,0,0,1,0,0,0,0,0,0,0,0,0,0,0,0,4.0,0,1,1,1,0
92,0,"thrissur, kerala, india",bangalore,Yes,Yes,2.0,1.0,"Studio, 1BHK, 2 BHK, 3BHK, 4 BHK",450,0,0,0,0,0,0,0,0,1,0,0,0,0,0,0,0,0,0,0,1,4.0,1,1,1,1,1
93,0,mumbai,mumbai,Yes,Yes,1.5,10.0,2 BHK,500,0,0,0,0,1,0,0,0,0,0,0,0,1,0,0,0,0,0,0,0,2.0,0,1,0,0,0
94,0,vadodara,hyderabad,Yes,Yes,1.0,3.0,"Studio, 1BHK, 2 BHK",700,0,1,0,0,0,0,0,1,0,0,0,0,0,0,0,0,0,0,0,1,2.0,1,1,0,0,1
95,1,"jaipur, rajasthan",pune,Yes,No,1.5,5.0,"Studio, 1BHK, 2 BHK, 3BHK, 4 BHK",550,0,1,1,1,1,0,0,1,0,0,0,0,0,0,0,0,0,0,0,0,4.0,1,1,1,1,1
96,0,delhi,delhi,Yes,No,1.0,3.0,"Studio, 1BHK, 2 BHK",500,0,1,0,0,0,0,0,0,0,0,0,0,1,0,0,0,0,0,0,0,2.0,1,1,0,0,1
97,1,delhi,delhi,Yes,No,2.0,5.0,"1BHK, 2 BHK",550,0,0,0,0,1,0,0,1,0,0,0,0,0,0,0,0,0,0,0,0,2.0,1,1,0,0,0
98,1,navi mumbai,navi mumbai,Yes,Yes,0.0,1.0,"Studio, 1BHK, 2 BHK, 3BHK, 4 BHK",500,0,1,0,1,0,0,0,0,1,0,0,0,0,0,0,0,0,0,0,0,4.0,1,1,1,1,1
99,0,mumbai,mumbai,No,Yes,1.3600526315789474,4.046783625730995,"Studio, 1BHK, 2 BHK, 3BHK, 4 BHK",< $500,0,0,0,0,0,0,0,0,0,0,0,0,0,0,0,0,0,0,0,0,2.797270955165692,1,1,1,1,1
100,0,orissa,hyderabad,Yes,Yes,0.0,1.0,2 BHK,500,0,0,0,0,0,0,0,0,0,0,0,0,0,0,0,0,0,0,1,0,4.0,0,1,0,0,0
101,0,chennai,chennai,Yes,Yes,2.0,5.0,"1BHK, 2 BHK",500,1,1,1,0,0,0,0,1,0,0,0,0,0,0,0,0,0,0,0,0,3.0,1,1,0,0,0
102,0,mumbai,mumbai,Yes,Yes,0.0,3.0,"Studio, 1BHK, 2 BHK, 3BHK, 4 BHK",550,0,0,1,0,0,0,0,0,0,0,0,0,0,0,0,0,1,0,0,0,4.0,1,1,1,1,1
103,0,hyderabad,hyderabad,Yes,Yes,0.0,5.0,2 BHK,400,0,1,0,0,0,0,0,0,0,0,0,0,0,0,0,1,0,0,0,0,4.0,0,1,0,0,0
104,0,bangalore,bangalore,Yes,Yes,1.8,3.0,2 BHK,500,0,1,1,0,0,0,0,1,0,0,0,0,0,0,0,0,0,0,0,1,3.0,0,1,0,0,0
105,0,bangalore,yelahanka,Yes,Yes,2.5,3.0,"2 BHK, 3BHK",450,0,1,1,0,0,0,0,1,0,0,0,0,0,0,0,0,0,0,0,1,4.0,0,1,1,0,0
106,0,chennai,chennai,Yes,Yes,1.5,3.0,"Studio, 1BHK, 2 BHK",400,1,1,1,0,0,0,0,0,0,0,0,0,0,0,0,0,0,0,1,0,3.0,1,1,0,0,1
107,1,uttar pradesh,bangalore,Yes,Yes,2.0,5.0,"1BHK, 2 BHK, 3BHK",550,1,1,1,0,0,0,0,0,0,1,0,0,0,0,0,0,0,0,0,0,4.0,1,1,1,0,0
108,0,kolhapur,navi mumbai (panvel),Yes,No,0.0,1.0,"Studio, 1BHK, 2 BHK, 3BHK, 4 BHK",700,0,1,0,0,0,0,0,1,0,0,0,0,0,0,0,0,0,0,0,0,4.0,1,1,1,1,1
109,0,mysore/bangalore,mangalore,Yes,Yes,1.5,5.0,"Studio, 2 BHK, 3BHK",450,0,1,0,0,1,0,0,0,0,0,0,0,0,0,0,1,0,0,0,1,3.0,0,1,1,0,1
110,0,bangalore,bangalore,Yes,Yes,3.0,3.0,"Studio, 1BHK, 2 BHK, 3BHK, 4 BHK",700,0,0,0,0,0,0,0,0,0,0,0,0,0,0,0,1,0,0,0,0,3.0,1,1,1,1,1
111,0,jaipur,jaipur,Yes,No,2.0,3.0,"Studio, 1BHK, 2 BHK, 3BHK, 4 BHK",550,0,1,0,0,0,0,0,1,0,0,0,0,0,0,0,0,0,0,0,0,3.0,1,1,1,1,1
112,0,vadodara,vellore,Yes,Yes,0.0,3.0,"2 BHK, 3BHK",500,0,0,0,0,0,0,0,0,0,0,0,0,0,1,0,0,0,0,0,0,3.0,0,1,1,0,0
113,0,jalgaon,jalgaon,Yes,Yes,0.0,3.0,"3BHK, 4 BHK",500,0,1,2,0,0,0,0,0,0,0,0,1,0,0,0,0,0,0,0,0,4.0,0,0,1,1,0
114,0,mumbai,mumbai,Yes,Yes,1.0,5.0,"1BHK, 2 BHK, 3BHK, 4 BHK",700,0,0,0,0,0,0,0,1,0,0,0,0,0,0,0,0,0,0,0,0,2.0,1,1,1,1,0
115,1,aurangabad,auranagabad,Yes,Yes,0.0,3.0,"1BHK, 2 BHK",500,1,1,1,0,0,0,0,0,0,0,0,0,0,0,0,0,0,0,1,0,4.0,1,1,0,0,0
116,0,nellore,nellore,Yes,Yes,0.0,10.0,"1BHK, 2 BHK, 3BHK, 4 BHK",450,0,0,0,0,0,0,0,0,0,0,0,0,0,0,0,0,0,0,1,1,4.0,1,1,1,1,0
117,0,mumbai,mumbai,Yes,Yes,2.0,3.0,"1BHK, 2 BHK, 3BHK, 4 BHK",500,0,1,0,0,0,0,0,0,0,0,0,0,0,0,0,0,0,0,1,1,4.0,1,1,1,1,0
118,0,pune,pune,Yes,Yes,0.7,5.0,"1BHK, 2 BHK, 3BHK, 4 BHK",450,1,1,0,0,0,0,0,0,0,1,0,0,0,0,0,0,0,0,0,0,3.0,1,1,1,1,0
119,0,ahmedabad,ahmedabad,Yes,Yes,1.0,5.0,"2 BHK, 3BHK",500,0,0,0,0,0,0,0,1,0,0,0,0,0,0,0,0,0,0,0,0,2.0,0,1,1,0,0
120,0,ahmedabad,ahmedabad,Yes,Yes,0.5,3.0,"Studio, 1BHK, 2 BHK",550,0,1,1,0,0,0,0,0,0,0,0,0,0,1,0,0,0,0,0,0,4.0,1,1,0,0,1
121,0,mumbai,mumbai,Yes,Yes,0.0,5.0,"1BHK, 2 BHK, 3BHK",550,0,1,0,1,0,0,0,1,0,0,0,0,0,0,0,0,0,0,0,0,2.0,1,1,1,0,0
122,1,"sangli, mh","sangli, mh",Yes,Yes,0.0,1.0,"Studio, 1BHK, 2 BHK, 3BHK",400,0,0,0,0,1,0,0,0,0,0,0,0,1,0,0,0,0,0,0,1,4.0,1,1,1,0,1
123,1,thane,india,Yes,Yes,0.0,5.0,"Studio, 1BHK",400,1,1,0,0,0,1,0,0,0,0,0,0,0,0,0,0,0,0,0,1,4.0,1,0,0,0,1
124,0,ahmedabad,ahmedabad,Yes,Yes,0.5,5.0,"Studio, 1BHK, 2 BHK",550,0,1,1,0,0,0,0,0,0,0,0,0,0,1,0,0,0,0,0,0,4.0,1,1,0,0,1
125,0,delhi,surat,Yes,Yes,0.6,3.0,"1BHK, 2 BHK, 3BHK",500,0,0,0,0,0,0,0,1,0,0,0,0,0,0,0,0,0,0,0,0,3.0,1,1,1,0,0
126,0,pune,pune,Yes,Yes,1.0,10.0,"2 BHK, 3BHK",550,1,1,0,0,0,0,0,0,0,0,0,0,1,0,0,0,0,0,0,0,1.0,0,1,1,0,0
127,0,delhi,pune,Yes,Yes,3.0,5.0,"1BHK, 2 BHK, 3BHK",500,0,0,0,1,0,0,0,1,0,0,0,0,0,0,0,0,0,0,0,0,2.0,1,1,1,0,0
128,0,mumbai,mumbai,Yes,Yes,1.0,3.0,"Studio, 2 BHK, 3BHK, 4 BHK",700,0,0,0,0,0,0,0,0,0,0,0,0,1,0,0,0,0,0,0,0,2.0,0,1,1,1,1
129,1,bangalore,bangalore,Yes,Yes,3.0,10.0,"1BHK, 2 BHK",550,0,1,1,0,0,0,0,1,0,0,0,0,0,0,0,0,0,0,0,1,3.0,1,1,0,0,0
130,0,delhi,delhi,Yes,Yes,0.7,3.0,"Studio, 1BHK, 2 BHK, 3BHK",500,0,0,0,0,0,0,0,1,0,0,0,0,0,0,0,0,0,0,0,0,3.0,1,1,1,0,1
131,0,nagpur,pune,Yes,Yes,2.0,1.0,"Studio, 1BHK, 2 BHK",500,0,1,0,0,0,0,0,1,0,0,0,0,0,0,0,0,0,0,0,0,2.0,1,1,0,0,1
132,1,mumbai,mumbai,Yes,Yes,0.0,3.0,"1BHK, 2 BHK, 3BHK",450,0,1,0,1,0,0,0,0,0,0,0,0,1,0,0,0,0,0,0,0,3.0,1,1,1,0,0
133,0,kolkata,bangalore,Yes,Yes,2.7,3.0,"1BHK, 2 BHK, 3BHK",550,0,0,0,1,0,0,0,1,0,0,0,0,0,0,0,0,0,0,0,1,2.0,1,1,1,0,0
134,0,mumbai,mumbai,Yes,Yes,0.0,3.0,"1BHK, 2 BHK",450,1,1,1,0,0,0,0,1,0,0,0,0,0,0,0,0,0,0,0,0,3.0,1,1,0,0,0
135,1,navi mumbai,navi mumbai,Yes,Yes,0.0,3.0,3BHK,500,1,1,0,0,0,0,0,1,0,0,0,0,0,0,0,0,0,0,0,0,1.0,0,0,1,0,0
136,1,mumbai,mumbai,Yes,Yes,2.5,3.0,2 BHK,500,0,0,0,0,0,0,0,1,0,0,0,0,0,0,0,0,0,0,0,0,3.0,0,1,0,0,0
137,0,mumbai,mumbai,Yes,Yes,3.0,5.0,"Studio, 1BHK, 2 BHK, 3BHK, 4 BHK",550,1,1,1,0,0,0,1,0,0,0,0,0,0,0,0,0,0,0,0,0,4.0,1,1,1,1,1
138,0,bangalore,mumbai,Yes,Yes,0.8,5.0,"Studio, 1BHK, 2 BHK, 3BHK",550,0,0,0,1,0,0,0,1,0,0,0,0,0,0,0,0,0,0,0,1,3.0,1,1,1,0,1
139,0,mumbai,mumbai,Yes,Yes,0.4,1.0,"2 BHK, 3BHK",550,0,0,0,0,0,0,0,1,0,0,0,0,0,0,0,0,0,0,0,0,4.0,0,1,1,0,0
140,0,satara,satara,Yes,Yes,1.75,5.0,4 BHK,400,0,1,2,1,0,0,0,0,0,0,0,0,1,0,0,0,0,0,0,0,2.0,0,0,0,1,0
141,1,thane,thane,Yes,Yes,0.0,10.0,"Studio, 1BHK, 2 BHK, 3BHK, 4 BHK",700,0,1,0,0,0,0,0,1,0,0,0,0,0,0,0,0,0,0,0,0,2.0,1,1,1,1,1
142,0,vapi,vapi,Yes,Yes,1.0,3.0,"1BHK, 2 BHK, 3BHK, 4 BHK",550,1,1,1,0,0,0,0,0,0,0,0,0,0,0,1,0,0,0,0,0,2.0,1,1,1,1,0
143,0,bangalore,bangalore,Yes,Yes,2.0,10.0,2 BHK,500,1,1,0,0,0,0,0,1,0,0,0,0,0,0,0,0,0,0,0,0,4.0,0,1,0,0,0
144,1,pune,pune,Yes,Yes,1.0,3.0,"2 BHK, 3BHK",500,0,1,0,0,0,0,0,1,0,0,0,0,0,0,0,0,0,0,0,0,2.0,0,1,1,0,0
145,0,bangalore,bangalore,Yes,Yes,2.6,3.0,"Studio, 1BHK, 2 BHK, 3BHK",700,0,0,0,0,0,0,0,1,0,0,0,0,0,0,0,0,0,0,0,1,2.0,1,1,1,0,1
146,0,mumbai,mumbai,Yes,Yes,2.0,1.0,"Studio, 2 BHK",550,0,0,0,1,1,0,0,0,0,0,0,0,1,0,0,0,0,0,0,0,4.0,0,1,0,0,1
147,1,hyderabad,hyderabad,Yes,No,2.5,3.0,"1BHK, 2 BHK",500,0,1,0,0,0,0,0,1,0,0,0,0,0,0,0,0,0,0,0,0,2.0,1,1,0,0,0
148,1,chennai,mumbai,Yes,Yes,0.0,3.0,"Studio, 1BHK, 2 BHK, 3BHK",500,0,0,0,0,0,0,0,0,0,0,0,0,0,0,0,0,0,0,1,0,1.0,1,1,1,0,1
149,0,mangalore,mumbai,Yes,Yes,1.5,3.0,"Studio, 1BHK, 2 BHK",700,0,0,0,0,0,0,0,1,0,0,0,0,0,0,0,0,0,0,0,0,2.0,1,1,0,0,1
150,0,mumbai,mumbai,Yes,Yes,0.16699999999999998,3.0,"Studio, 1BHK, 2 BHK, 3BHK, 4 BHK",550,1,1,1,2,0,0,0,1,0,0,0,0,0,0,0,0,0,0,0,0,2.0,1,1,1,1,1
151,1,"mangalore, karnataka",bengaluru,Yes,Yes,2.0,3.0,"Studio, 1BHK, 2 BHK",700,0,1,0,0,0,0,0,1,0,0,0,0,0,0,0,0,0,0,0,0,3.0,1,1,0,0,1
152,0,chennai,bangalore,Yes,No,2.0,5.0,"1BHK, 2 BHK",550,0,0,0,0,0,0,0,1,0,0,0,0,0,0,0,0,0,0,0,0,2.0,1,1,0,0,0
153,0,thane,thane,Yes,Yes,0.0,5.0,3BHK,500,1,1,0,0,0,0,0,0,0,0,0,0,1,0,0,0,0,0,0,0,2.0,0,0,1,0,0
154,1,mumbai,navi mumbai,Yes,Yes,0.0,5.0,"Studio, 1BHK, 2 BHK",500,1,1,0,0,0,0,0,1,0,0,0,0,0,0,0,0,0,0,0,0,4.0,1,1,0,0,1
155,0,mumbai,mumbai,Yes,Yes,0.0,1.0,"2 BHK, 3BHK",550,0,0,0,0,0,0,0,1,0,0,0,0,0,0,0,0,0,0,0,0,4.0,0,1,1,0,0
156,1,"mumbai, india",mumbai,Yes,Yes,0.0,3.0,"Studio, 1BHK, 2 BHK",550,0,1,0,0,0,0,0,0,0,0,0,0,0,0,0,0,0,0,1,0,2.0,1,1,0,0,1
157,1,nagpur,pune,Yes,Yes,2.0,5.0,"Studio, 1BHK, 2 BHK, 3BHK",450,2,0,0,0,1,0,0,0,0,1,0,0,0,0,0,0,0,0,0,0,3.0,1,1,1,0,1
158,0,mumbai,mumbai,Yes,Yes,0.0,3.0,"1BHK, 2 BHK, 3BHK",500,1,1,1,0,0,0,0,1,0,0,0,0,0,0,0,0,0,0,0,0,3.0,1,1,1,0,0
159,1,chennai,bangalore,Yes,Yes,0.0,3.0,"1BHK, 2 BHK, 3BHK",700,0,0,0,0,0,0,0,0,0,0,0,0,1,0,0,0,0,0,0,0,4.0,1,1,1,0,0
160,0,gulbarga,bangalore,Yes,Yes,0.0,3.0,2 BHK,550,0,1,0,0,0,0,0,0,0,0,0,0,1,0,0,0,0,0,0,0,4.0,0,1,0,0,0
161,0,gujarat,mumbai,Yes,Yes,2.0,3.0,2 BHK,500,0,1,1,0,0,0,0,0,0,0,0,0,0,0,0,1,0,0,0,0,1.0,0,1,0,0,0
162,0,pune,pune,Yes,Yes,0.0,5.0,"Studio, 1BHK, 2 BHK",550,0,0,0,0,0,0,0,1,0,0,0,0,0,0,0,0,0,0,0,0,3.0,1,1,0,0,1
163,0,bangalore,bangalore,Yes,Yes,1.0,10.0,"1BHK, 2 BHK, 3BHK, 4 BHK",700,0,0,0,0,1,0,0,1,0,0,0,0,0,0,0,0,0,0,0,0,2.0,1,1,1,1,0
164,0,mumbai,mumbai,Yes,No,0.0,3.0,"Studio, 3BHK, 4 BHK",700,0,0,0,0,0,0,0,1,0,0,0,0,0,0,0,0,0,0,0,0,2.0,0,0,1,1,1
165,0,patna,bangalore,Yes,No,3.0,3.0,"Studio, 1BHK, 2 BHK, 3BHK, 4 BHK",700,0,0,0,2,1,0,0,1,0,0,0,0,0,0,0,0,0,0,0,0,2.0,1,1,1,1,1
166,0,ahmedabab,ahmedabad,No,Yes,1.3600526315789474,4.046783625730995,"Studio, 1BHK, 2 BHK, 3BHK, 4 BHK",< $500,0,0,0,0,0,0,0,0,0,0,0,0,0,0,0,0,0,0,0,0,2.797270955165692,1,1,1,1,1
167,0,ahmedabad,ahmedabad,Yes,Yes,0.0,1.0,3BHK,450,1,1,1,0,0,0,0,1,0,0,0,0,0,0,0,0,0,0,0,0,2.0,0,0,1,0,0
168,0,thane,thane,Yes,Yes,0.0,3.0,"2 BHK, 3BHK, 4 BHK",700,0,0,0,0,0,0,0,0,0,0,0,1,0,0,0,0,0,0,0,1,4.0,0,1,1,1,0
169,1,bengaluru,bengaluru,Yes,Yes,0.16,5.0,"Studio, 1BHK",700,0,1,1,0,0,0,0,1,0,0,0,0,0,0,0,0,0,0,0,0,2.0,1,0,0,0,1
170,0,mumbai,mumbai,Yes,Yes,0.0,3.0,"2 BHK, 3BHK",500,0,1,0,0,0,0,0,0,0,0,0,0,0,0,0,1,0,0,0,0,4.0,0,1,1,0,0
171,0,amravati,nagpur,Yes,Yes,0.0,5.0,"1BHK, 2 BHK, 3BHK, 4 BHK",700,0,0,0,0,0,0,0,0,0,0,0,0,1,0,0,0,0,0,0,0,3.0,1,1,1,1,0
172,0,bangalore/mysore,bangalore,Yes,Yes,2.0,3.0,"2 BHK, 3BHK",500,2,0,2,1,0,0,0,0,0,0,0,0,1,0,0,0,0,0,0,0,2.0,0,1,1,0,0
173,0,chennai,chennai,Yes,Yes,5.0,5.0,1BHK,450,0,0,0,0,0,0,0,0,0,0,0,0,0,0,0,1,0,0,0,0,2.0,1,0,0,0,0
174,0,chennai,chennai,Yes,Yes,1.0,5.0,3BHK,700,0,0,0,0,0,0,0,0,0,0,0,0,0,0,0,1,0,0,0,0,1.0,0,0,1,0,0
175,0,pune,pune,Yes,Yes,2.3,1.0,"2 BHK, 3BHK, 4 BHK",550,0,1,0,0,0,0,0,0,0,0,0,0,0,0,1,0,0,0,0,0,4.0,0,1,1,1,0
176,0,jaipur,chennai,Yes,Yes,0.0,10.0,"1BHK, 2 BHK, 3BHK, 4 BHK",550,0,0,0,1,0,0,1,0,0,0,0,0,0,0,0,0,0,0,0,0,3.0,1,1,1,1,0
177,0,mumbai,mumbai,Yes,Yes,3.5,10.0,"1BHK, 2 BHK, 3BHK",500,0,0,1,0,0,0,0,0,0,0,0,0,0,0,0,1,0,0,0,0,3.0,1,1,1,0,0
178,0,chennai,chennai,Yes,Yes,3.0,3.0,4 BHK,550,0,0,0,0,1,0,0,0,0,0,1,0,0,0,0,0,0,0,0,0,4.0,0,0,0,1,0
179,0,mumbai,mumbai,Yes,Yes,1.5,5.0,2 BHK,700,1,1,0,0,0,0,0,0,0,0,0,0,0,0,0,1,0,0,0,0,2.0,0,1,0,0,0
180,0,delhi,delhi,Yes,Yes,0.9,5.0,"Studio, 1BHK, 2 BHK, 3BHK, 4 BHK",500,0,0,0,0,0,0,0,0,0,0,0,0,0,0,1,0,0,0,0,0,3.0,1,1,1,1,1
181,0,abu dhabi,mumbai,Yes,Yes,0.6,1.0,1BHK,500,0,1,0,1,1,0,0,0,0,0,0,0,0,0,0,1,0,0,0,0,3.0,1,0,0,0,0
182,0,nagpur,nagpur,Yes,No,3.0,3.0,2 BHK,700,0,1,1,0,0,0,0,0,0,0,0,0,0,0,1,0,0,0,0,0,4.0,0,1,0,0,0
183,0,mumbai,mumbai,Yes,Yes,0.0,3.0,"Studio, 1BHK, 2 BHK, 3BHK",550,0,0,0,0,0,0,0,0,0,0,0,0,0,0,1,0,0,0,0,0,3.0,1,1,1,0,1
184,0,jalgaon,jalgaon,Yes,Yes,0.0,3.0,"3BHK, 4 BHK",500,0,1,2,0,0,0,0,0,0,0,0,1,0,0,0,0,0,0,0,0,4.0,0,0,1,1,0
185,0,bangalore,mumbai,Yes,Yes,1.0,5.0,"1BHK, 2 BHK, 3BHK, 4 BHK",1000,0,1,1,0,0,0,0,0,0,0,0,1,0,0,0,0,0,0,0,0,2.0,1,1,1,1,0
186,1,bangalore,bangalore,Yes,Yes,1.4,1.0,"2 BHK, 3BHK",700,0,0,0,0,0,0,0,0,0,0,0,0,0,0,0,1,0,0,0,0,3.0,0,1,1,0,0
187,0,nasik,hyderabad,Yes,Yes,2.0,5.0,"2 BHK, 3BHK, 4 BHK",500,0,0,0,1,0,0,0,0,0,0,0,0,1,0,0,0,0,0,0,0,3.0,0,1,1,1,0
188,0,mumbai,mumbai,Yes,Yes,3.0,3.0,"Studio, 1BHK, 2 BHK, 3BHK, 4 BHK",500,0,0,0,0,0,0,0,0,0,0,0,0,0,0,0,1,0,0,0,1,4.0,1,1,1,1,1
189,0,"jabalpur, mp",bangalore,Yes,Yes,2.0,1.0,"2 BHK, 3BHK, 4 BHK",500,0,0,0,0,0,0,0,0,0,0,0,0,1,0,0,0,0,0,0,0,2.0,0,1,1,1,0
190,0,"coimbatore, tamil nadu",bangalore,Yes,Yes,2.0,1.0,"2 BHK, 3BHK",550,0,0,0,0,0,0,0,0,0,0,0,0,1,0,0,0,0,0,0,1,4.0,0,1,1,0,0
191,1,mumbai,india,Yes,Yes,4.5,3.0,"1BHK, 2 BHK, 3BHK, 4 BHK",500,0,0,0,0,0,0,0,0,0,0,0,0,0,0,0,1,0,0,0,0,4.0,1,1,1,1,0
192,0,nashik,pune,Yes,Yes,1.8,5.0,"1BHK, 2 BHK, 3BHK, 4 BHK",500,0,0,0,0,0,0,0,0,0,0,0,0,0,0,0,1,0,0,0,0,2.0,1,1,1,1,0
193,1,bhopal,pune,Yes,Yes,2.4,3.0,"2 BHK, 3BHK",500,0,1,0,0,0,0,0,0,0,0,0,0,0,0,0,1,0,0,0,0,2.0,0,1,1,0,0
194,0,vadodara,pune,Yes,Yes,2.5,5.0,"Studio, 1BHK, 2 BHK, 3BHK, 4 BHK",500,0,0,0,1,0,0,0,0,0,0,0,0,0,0,0,1,0,0,0,1,4.0,1,1,1,1,1
195,0,bhilai,bangalore,Yes,Yes,2.0,5.0,"1BHK, 2 BHK, 3BHK",550,1,1,1,0,0,0,0,0,0,0,0,0,0,0,0,1,0,0,0,0,2.0,1,1,1,0,0
196,0,surat,vidhya nagar,Yes,Yes,0.0,5.0,"2 BHK, 3BHK",700,0,0,0,0,1,0,0,0,0,0,0,1,0,0,0,0,0,0,0,0,4.0,0,1,1,0,0
197,0,gujarat,mumbai,Yes,Yes,3.0,3.0,"2 BHK, 3BHK, 4 BHK",500,0,0,0,0,0,0,0,0,0,0,0,1,0,0,0,0,0,0,0,0,3.0,0,1,1,1,0
198,0,"rishikesh, uttarakhand, india","sharjah, uae",Yes,Yes,0.0,3.0,"1BHK, 2 BHK",500,0,0,0,0,0,0,0,0,0,0,0,0,1,0,0,0,0,0,0,0,2.0,1,1,0,0,0
199,0,coimbatore,bangalore,Yes,No,2.0,5.0,"Studio, 1BHK, 2 BHK, 3BHK, 4 BHK",450,0,0,0,0,0,0,0,0,0,0,0,0,1,0,0,0,0,0,0,0,4.0,1,1,1,1,1
200,0,mumbai,india,Yes,Yes,0.0,5.0,"2 BHK, 3BHK",700,0,1,0,0,0,0,0,0,0,0,0,0,0,0,0,1,0,0,0,0,4.0,0,1,1,0,0
201,0,mumbai,mumbai,Yes,Yes,4.0,3.0,"Studio, 1BHK, 2 BHK",500,1,1,1,0,0,0,0,0,0,0,0,0,0,0,0,1,0,0,0,0,3.0,1,1,0,0,1
202,0,rajkot,mumbai,Yes,Yes,2.0,1.0,2 BHK,450,0,0,0,0,0,0,0,0,0,0,0,0,0,0,0,1,0,0,0,0,2.0,0,1,0,0,0
203,0,bangalore,bangalore,Yes,Yes,0.0,3.0,"1BHK, 2 BHK, 3BHK, 4 BHK",550,2,0,2,0,1,0,0,0,0,0,0,0,0,0,0,1,0,0,0,0,2.0,1,1,1,1,0
204,0,goa,pune,Yes,Yes,1.0,10.0,"Studio, 1BHK, 2 BHK",700,0,1,0,0,0,0,0,1,0,0,0,0,0,0,0,0,0,0,0,0,2.0,1,1,0,0,1
205,0,mumbai,mumbai,Yes,Yes,1.0,3.0,"1BHK, 2 BHK",500,2,0,0,0,0,0,0,0,0,0,0,0,0,0,0,1,0,0,0,0,4.0,1,1,0,0,0
206,0,manglore,mumbai(bandra),Yes,Yes,1.3,3.0,"1BHK, 2 BHK, 3BHK",450,0,0,2,0,1,0,0,0,0,0,0,0,0,0,0,0,0,0,1,0,3.0,1,1,1,0,0
207,0,delhi,mumbai,Yes,Yes,2.5,3.0,"2 BHK, 3BHK, 4 BHK",450,0,0,0,0,0,0,0,0,0,0,0,0,0,0,0,1,0,0,0,0,4.0,0,1,1,1,0
208,0,mumbai,mumbai,Yes,Yes,2.0,3.0,"1BHK, 2 BHK",400,0,1,1,0,0,0,0,0,0,0,0,0,0,0,0,1,0,0,0,0,3.0,1,1,0,0,0
209,0,mumbai,mumbai,Yes,Yes,2.0,10.0,"Studio, 1BHK, 2 BHK, 3BHK, 4 BHK",700,0,0,0,0,0,0,0,0,0,0,0,0,1,0,0,0,0,0,0,0,2.0,1,1,1,1,1
210,1,satara,mumbai,Yes,Yes,0.0,5.0,"1BHK, 2 BHK, 3BHK",450,0,1,0,0,0,0,0,0,0,0,0,0,0,0,0,1,0,0,0,1,2.0,1,1,1,0,0
211,1,mumbai,mumbai,Yes,Yes,2.5,10.0,"1BHK, 2 BHK, 3BHK, 4 BHK",400,0,0,0,0,0,0,0,0,0,0,0,0,0,0,0,1,0,0,0,1,4.0,1,1,1,1,0
212,0,raipur,chennai,Yes,Yes,0.0,5.0,"1BHK, 2 BHK, 3BHK",500,0,0,0,0,0,0,0,0,0,0,0,0,0,0,0,1,0,0,0,0,4.0,1,1,1,0,0
213,0,vadodara,pune,Yes,Yes,2.5,5.0,"Studio, 1BHK, 2 BHK, 3BHK, 4 BHK",500,0,0,0,0,0,0,0,0,0,0,0,0,0,0,0,1,0,0,0,1,4.0,1,1,1,1,1
214,1,mumbai,mumbai,Yes,Yes,0.0,5.0,2 BHK,550,0,1,0,0,0,0,0,0,0,0,0,0,0,0,0,0,0,0,1,0,4.0,0,1,0,0,0
215,0,bhopal,pune,Yes,No,5.0,3.0,"Studio, 1BHK, 2 BHK, 3BHK",550,0,0,0,1,0,0,0,0,0,0,0,0,0,0,0,1,0,0,0,0,2.0,1,1,1,0,1
216,0,mumbai,bangalore,Yes,Yes,1.8,10.0,"1BHK, 2 BHK, 3BHK",450,0,0,0,0,0,0,0,0,0,0,0,0,0,1,0,0,0,0,0,0,1.0,1,1,1,0,0
217,1,chennai,banaglore,Yes,Yes,2.0,3.0,"1BHK, 2 BHK, 3BHK, 4 BHK",500,1,1,0,2,1,0,0,0,0,0,0,0,0,0,0,1,0,0,0,1,4.0,1,1,1,1,0
218,0,"giridih, jh",bangalore,Yes,Yes,2.0,5.0,"Studio, 1BHK, 2 BHK, 3BHK, 4 BHK",700,0,0,0,0,1,0,0,1,0,0,0,0,0,0,0,0,0,0,0,0,4.0,1,1,1,1,1
219,0,madikeri,bangalore,Yes,Yes,1.5,5.0,"Studio, 2 BHK, 3BHK",450,0,0,0,0,0,0,0,0,0,0,0,0,0,0,0,1,0,0,0,0,3.0,0,1,1,0,1
220,0,mumbai,mumbai,Yes,Yes,0.6,3.0,"1BHK, 2 BHK, 3BHK, 4 BHK",500,0,0,0,0,0,0,1,0,0,0,0,0,0,0,0,0,0,0,0,0,4.0,1,1,1,1,0
221,0,bangalore,bangalore,Yes,Yes,0.0,5.0,"Studio, 1BHK, 2 BHK, 3BHK, 4 BHK",450,0,1,0,0,1,0,0,0,0,0,0,0,0,0,0,1,0,0,0,0,4.0,1,1,1,1,1
222,0,"bangalore, karnataka","bangalore, karnataka",Yes,Yes,0.0,3.0,"1BHK, 2 BHK",450,1,1,2,2,0,0,0,0,0,0,0,1,0,0,0,0,0,0,0,0,2.0,1,1,0,0,0
223,0,kerala,mumbai,Yes,Yes,0.0,3.0,"2 BHK, 3BHK",700,0,1,0,0,1,0,0,0,0,0,0,0,1,0,0,0,0,0,0,0,2.0,0,1,1,0,0
224,0,chennai,bangalore,Yes,Yes,2.0,1.0,"2 BHK, 3BHK, 4 BHK",550,0,0,0,0,0,0,0,0,0,0,0,0,0,0,0,1,0,0,0,0,3.0,0,1,1,1,0
225,0,gurgaon,gurgaon,Yes,Yes,1.8,3.0,"Studio, 2 BHK, 3BHK",700,0,0,0,0,0,0,0,0,0,0,0,0,0,0,0,1,0,0,0,0,3.0,0,1,1,0,1
226,0,cuttack,faridabad,Yes,Yes,1.5,5.0,"2 BHK, 3BHK",700,0,0,0,0,0,0,0,0,0,0,0,0,0,0,0,1,0,0,0,0,2.0,0,1,1,0,0
227,1,mumbai,mumbai,Yes,Yes,0.0,5.0,"Studio, 1BHK, 2 BHK",700,0,0,1,0,0,0,0,1,0,0,0,0,0,0,0,0,0,0,0,0,2.0,1,1,0,0,1
228,0,raipur,nagpur,Yes,Yes,0.25,5.0,"1BHK, 2 BHK, 3BHK, 4 BHK",550,0,1,0,0,1,0,0,0,0,0,0,0,0,0,0,1,0,0,0,0,4.0,1,1,1,1,0
229,0,mumbai,mumbai,Yes,Yes,2.75,3.0,"2 BHK, 3BHK",450,1,1,1,1,0,0,0,0,0,0,0,0,0,0,0,1,0,0,0,1,4.0,0,1,1,0,0
230,0,kerala,bangalore,Yes,Yes,0.0,1.0,1BHK,500,0,0,0,2,1,0,0,0,0,0,0,0,1,0,0,0,0,0,0,0,3.0,1,0,0,0,0
231,1,faridabad(ncr),faridabad(ncr),Yes,Yes,0.6,3.0,3BHK,400,0,0,0,0,0,0,0,0,0,0,0,0,1,0,0,0,0,0,0,0,1.0,0,0,1,0,0
232,0,nagpur,nagpur,Yes,Yes,0.0,1.0,2 BHK,550,0,0,0,2,0,0,0,0,0,0,0,0,0,0,0,1,0,0,0,0,3.0,0,1,0,0,0
233,0,meerut,pune,Yes,Yes,2.0,5.0,"Studio, 1BHK, 2 BHK, 3BHK, 4 BHK",550,0,0,0,0,0,0,0,0,0,0,0,0,0,0,0,1,0,0,0,0,3.0,1,1,1,1,1
234,1,bangalore,bangalore,Yes,Yes,0.0,5.0,"2 BHK, 3BHK",450,0,1,0,0,0,0,0,0,0,0,0,0,0,0,0,1,0,0,0,0,3.0,0,1,1,0,0
235,0,mumbai,mumbai,Yes,Yes,1.0,1.0,"Studio, 1BHK, 2 BHK, 3BHK, 4 BHK",700,2,0,0,0,1,0,0,0,0,0,0,0,0,0,0,1,0,0,0,0,2.0,1,1,1,1,1
236,0,lucknow,bangalore,Yes,Yes,1.8,3.0,"1BHK, 2 BHK, 3BHK, 4 BHK",700,0,0,0,2,1,0,0,0,0,0,0,0,0,0,0,1,0,0,0,0,2.0,1,1,1,1,0
237,1,bangalore,bangalore,Yes,Yes,1.0,3.0,"1BHK, 2 BHK",500,0,0,0,0,1,0,0,0,0,0,0,0,0,0,0,1,0,0,0,0,4.0,1,1,0,0,0
238,0,mumbai,mumbai,Yes,Yes,1.0,3.0,"1BHK, 2 BHK",500,2,0,0,0,0,0,0,0,0,0,0,0,0,0,0,1,0,0,0,1,4.0,1,1,0,0,0
239,0,"nellore, andhra pradesh",mumbai,Yes,Yes,0.0,3.0,"Studio, 1BHK, 2 BHK, 3BHK",550,0,1,1,2,0,0,0,0,0,0,0,0,0,0,0,1,0,0,0,0,3.0,1,1,1,0,1
240,0,mumbai,mumbai,Yes,No,3.0,5.0,2 BHK,400,1,1,0,2,0,0,0,0,0,0,0,0,0,0,0,1,0,0,0,0,4.0,0,1,0,0,0
241,0,mumbai,mumbai,Yes,Yes,0.0,5.0,"1BHK, 2 BHK, 3BHK",500,0,0,2,1,0,0,0,0,0,0,0,0,0,0,0,0,0,0,1,0,4.0,1,1,1,0,0
242,0,"nellore, andhra pradesh","bangalore, karnataka",Yes,Yes,4.0,5.0,"1BHK, 2 BHK, 3BHK",500,0,0,0,1,0,0,0,0,0,0,0,0,0,0,0,1,0,0,0,0,3.0,1,1,1,0,0
243,0,mumbai,mumbai,Yes,Yes,1.1,3.0,2 BHK,700,0,1,0,0,0,0,0,0,0,0,0,0,0,0,0,1,0,0,0,0,2.0,0,1,0,0,0
244,0,pune,pune,Yes,No,1.4,5.0,"1BHK, 2 BHK, 3BHK, 4 BHK",700,0,0,0,0,0,0,0,0,0,0,0,0,0,0,0,1,0,0,0,0,3.0,1,1,1,1,0
245,0,mumbai,mumbai,Yes,Yes,3.9,1.0,"Studio, 1BHK, 2 BHK, 3BHK, 4 BHK",500,0,1,1,0,0,0,0,0,0,0,0,0,0,0,0,1,0,0,0,0,4.0,1,1,1,1,1
246,1,mumbai,mumbai,Yes,Yes,0.6,5.0,"2 BHK, 3BHK",550,0,0,0,0,0,0,0,0,0,0,0,0,0,0,0,1,0,0,0,0,4.0,0,1,1,0,0
247,0,tamil nadu,bangalore,Yes,Yes,3.0,5.0,"3BHK, 4 BHK",500,0,1,0,0,0,0,0,1,0,0,0,0,0,0,0,0,0,0,0,0,2.0,0,0,1,1,0
248,0,vadodara,vadodara,Yes,Yes,0.0,3.0,1BHK,500,1,1,0,0,1,0,0,1,0,0,0,0,0,0,0,0,0,0,0,0,3.0,1,0,0,0,0
249,0,delhi,delhi,Yes,Yes,2.0,1.0,"Studio, 1BHK, 2 BHK, 3BHK",500,0,0,0,0,0,0,0,0,0,0,0,0,0,0,0,1,0,0,0,0,2.0,1,1,1,0,1
250,1,bhopal/nagpur,pune,Yes,Yes,2.0,5.0,"1BHK, 2 BHK",500,0,0,0,1,1,0,0,0,0,0,0,0,0,0,0,1,0,0,0,0,3.0,1,1,0,0,0
251,1,mysore,bangalore,Yes,Yes,1.8,5.0,"Studio, 1BHK, 2 BHK, 3BHK, 4 BHK",700,0,1,1,1,0,0,0,0,1,0,0,0,0,0,0,0,0,0,0,0,3.0,1,1,1,1,1
252,0,mumbai,mumbai,Yes,Yes,0.0,10.0,"2 BHK, 3BHK",550,0,0,0,0,0,0,0,0,0,0,0,0,1,0,0,0,0,0,0,0,2.0,0,1,1,0,0
253,1,aurangabad,mumbai,Yes,Yes,0.0,5.0,"1BHK, 2 BHK, 3BHK",700,0,1,0,0,0,0,0,1,0,0,0,0,0,0,0,0,0,0,0,0,2.0,1,1,1,0,0
254,0,patras,patras,Yes,Yes,9.0,3.0,"Studio, 1BHK, 2 BHK, 3BHK, 4 BHK",$1000 +,0,0,0,0,1,0,1,0,0,0,0,0,0,0,0,0,0,0,0,0,1.0,1,1,1,1,1
255,0,mumbai,mumbai,Yes,No,0.0,3.0,"1BHK, 2 BHK",450,1,1,0,0,0,0,0,0,0,0,0,0,0,0,0,1,0,0,0,0,4.0,1,1,0,0,0
256,1,hyderabad,hyderabad,Yes,Yes,0.0,10.0,"1BHK, 2 BHK, 3BHK, 4 BHK",550,0,0,0,0,0,1,0,0,0,0,0,0,0,0,0,0,0,0,0,0,4.0,1,1,1,1,0
257,0,indore,india,Yes,No,0.0,1.0,"1BHK, 2 BHK, 3BHK, 4 BHK",500,0,1,2,0,0,0,0,0,0,0,0,0,1,0,0,0,0,0,0,0,4.0,1,1,1,1,0
258,0,ahmedabad,ahmedabad,Yes,Yes,1.0,5.0,"1BHK, 2 BHK",550,0,1,0,0,1,0,0,0,0,0,0,0,0,1,0,0,0,0,0,1,4.0,1,1,0,0,0
259,0,"mangalore,karnataka",mumbai,Yes,Yes,1.0,3.0,"1BHK, 2 BHK, 3BHK",500,0,0,0,0,0,0,0,0,0,0,0,0,0,1,0,0,0,0,0,0,2.0,1,1,1,0,0
260,0,ahmedabad,ahmedabad,Yes,Yes,5.0,3.0,"1BHK, 2 BHK, 3BHK",500,0,0,0,0,0,0,0,0,0,0,0,0,0,1,0,0,0,0,0,0,3.0,1,1,1,0,0
261,0,vadodara,vadodara,Yes,Yes,5.0,3.0,"1BHK, 2 BHK",450,0,1,0,0,0,0,0,0,0,0,0,0,0,1,0,0,0,0,0,0,3.0,1,1,0,0,0
262,0,india,india,Yes,Yes,0.9,3.0,"2 BHK, 3BHK",550,0,0,0,2,0,0,0,0,0,0,0,0,1,0,0,0,0,0,0,0,2.0,0,1,1,0,0
263,0,mumbai,mumbai,Yes,Yes,0.5,3.0,"Studio, 1BHK, 2 BHK, 3BHK, 4 BHK",550,0,1,0,2,1,0,0,0,0,0,0,0,0,0,0,1,0,0,0,0,2.0,1,1,1,1,1
264,1,chennai,chennai,Yes,Yes,0.0,3.0,"2 BHK, 3BHK",500,0,0,0,0,0,0,0,0,0,0,0,0,1,0,0,0,0,0,0,0,1.0,0,1,1,0,0
265,0,ahmedabad,vadodara,Yes,Yes,3.0,3.0,"1BHK, 2 BHK, 3BHK",1000,0,1,0,0,0,0,0,0,0,0,0,0,0,0,0,0,0,0,1,0,3.0,1,1,1,0,0
266,0,pune,pune,Yes,Yes,2.0,3.0,"Studio, 1BHK, 2 BHK",500,2,0,0,0,0,0,0,1,0,0,0,0,0,0,0,0,0,0,0,0,2.0,1,1,0,0,1
267,1,patna,gurgaon,Yes,Yes,1.0,5.0,2 BHK,700,0,0,0,1,0,0,0,0,0,0,0,0,0,0,0,1,0,0,0,0,2.0,0,1,0,0,0
268,1,kolkata,kolkata,Yes,Yes,2.8,5.0,"Studio, 1BHK, 2 BHK",450,0,1,1,0,0,0,0,0,0,0,0,0,0,0,1,0,0,0,0,0,2.0,1,1,0,0,1
269,0,miraj,miraj,Yes,Yes,1.0,3.0,"2 BHK, 3BHK",450,0,0,0,0,0,0,0,0,0,0,0,1,0,0,0,0,0,0,0,0,4.0,0,1,1,0,0
270,0,ahmedabad,ahmedabad,Yes,Yes,0.5,3.0,"Studio, 1BHK, 2 BHK",1000,0,1,0,0,0,0,0,0,0,0,0,0,1,0,0,0,0,0,0,0,2.0,1,1,0,0,1
271,0,gulbarga,bangalore,Yes,Yes,0.0,5.0,2 BHK,550,0,1,0,0,0,0,0,0,0,0,0,0,1,0,0,0,0,0,0,0,2.0,0,1,0,0,0
272,0,thane,thane,Yes,Yes,0.0,3.0,"2 BHK, 3BHK, 4 BHK",1000,0,0,0,0,1,0,0,0,0,0,0,0,0,0,0,1,0,0,0,0,2.0,0,1,1,1,0
273,1,mumbai,mumbai,Yes,Yes,2.0,5.0,2 BHK,400,0,1,0,0,0,0,0,0,0,0,0,0,1,0,0,0,0,0,0,0,1.0,0,1,0,0,0
274,0,indore,bhopal,Yes,Yes,0.0,5.0,"1BHK, 2 BHK",500,0,0,2,0,0,0,0,0,0,0,0,0,0,0,0,1,0,0,0,0,2.0,1,1,0,0,0
275,0,mumbai,mumbai,Yes,Yes,2.0,3.0,"1BHK, 2 BHK, 3BHK",700,0,0,0,0,0,0,0,1,0,0,0,0,0,0,0,0,0,0,0,1,2.0,1,1,1,0,0
276,0,surat,mumbai,Yes,Yes,0.7,1.0,"Studio, 1BHK, 2 BHK, 3BHK, 4 BHK",550,0,0,0,0,0,0,1,0,0,0,0,0,0,0,0,0,0,0,0,0,4.0,1,1,1,1,1
277,0,mumbai,mumbai,Yes,Yes,0.0,1.0,"Studio, 3BHK",400,0,0,0,2,0,0,0,0,0,0,0,0,1,0,0,0,0,0,0,0,3.0,0,0,1,0,1
278,1,aurangabad/pune,pune,Yes,Yes,2.0,1.0,"2 BHK, 3BHK, 4 BHK",450,0,1,0,1,0,0,0,0,0,0,0,0,1,0,0,0,0,0,0,0,3.0,0,1,1,1,0
279,1,delhi,pune,Yes,No,2.0,3.0,"2 BHK, 3BHK, 4 BHK",400,0,1,0,0,0,0,0,0,0,0,0,0,1,0,0,0,0,0,0,0,4.0,0,1,1,1,0
280,1,amritsar,chandigarh,Yes,Yes,3.0,5.0,"Studio, 1BHK, 2 BHK, 3BHK",450,1,1,1,0,0,0,0,0,0,0,0,0,1,0,0,0,0,0,0,0,1.0,1,1,1,0,1
281,0,bangalore,bangalore,Yes,Yes,2.0,5.0,"2 BHK, 3BHK",500,0,0,1,0,0,0,0,0,0,0,0,0,0,0,0,1,0,0,0,0,3.0,0,1,1,0,0
282,0,noida,noida,Yes,No,2.0,3.0,"2 BHK, 3BHK, 4 BHK",500,0,0,0,2,1,0,0,0,0,0,0,0,1,0,0,0,0,0,0,0,4.0,0,1,1,1,0
283,1,delhi,bangalore,Yes,Yes,2.0,1.0,"Studio, 1BHK, 2 BHK, 3BHK, 4 BHK",500,0,1,1,2,0,0,0,1,0,0,0,0,0,0,0,0,0,0,0,1,2.0,1,1,1,1,1
284,0,mumbai,mumbai,Yes,Yes,2.0,3.0,"Studio, 1BHK, 2 BHK, 3BHK, 4 BHK",450,1,1,0,1,0,0,0,0,0,0,0,0,0,0,0,1,0,0,0,1,1.0,1,1,1,1,1
285,0,mumbai,mumbai,Yes,No,1.0,5.0,2 BHK,700,0,1,0,0,1,0,0,1,0,0,0,0,0,0,0,0,0,0,0,0,4.0,0,1,0,0,0
286,1,bangalore,bangalore,Yes,Yes,1.4,3.0,"1BHK, 2 BHK, 3BHK, 4 BHK",700,0,0,0,0,0,0,0,0,0,0,0,0,0,0,0,1,0,0,0,0,4.0,1,1,1,1,0
287,0,mumbai,mumbai,Yes,Yes,2.5,1.0,1BHK,550,0,1,0,0,0,0,0,0,0,0,0,0,0,0,0,1,0,0,0,0,4.0,1,0,0,0,0
288,0,mumbai,mumbai,Yes,Yes,0.0,5.0,"1BHK, 2 BHK",450,0,0,2,0,0,0,0,0,0,0,0,0,0,0,0,1,0,0,0,1,3.0,1,1,0,0,0
289,0,mumbai,mumbai,Yes,Yes,0.0,3.0,"Studio, 1BHK, 2 BHK, 3BHK, 4 BHK",550,0,0,0,0,0,0,0,0,0,0,0,0,0,0,0,1,0,0,0,0,4.0,1,1,1,1,1
290,0,mumbai,mumbai,Yes,Yes,0.0,1.0,"1BHK, 2 BHK, 3BHK",700,0,1,1,0,0,0,0,0,0,0,0,0,1,0,0,0,0,0,0,0,1.0,1,1,1,0,0
291,1,manglore,mumbai,Yes,Yes,0.0,3.0,"2 BHK, 3BHK, 4 BHK",500,0,0,2,0,0,0,0,0,0,0,0,0,0,0,0,0,0,0,1,0,4.0,0,1,1,1,0
292,0,mumbai,mumbai,Yes,Yes,0.5,3.0,"2 BHK, 3BHK",550,0,0,0,0,0,0,0,0,0,0,0,0,0,0,0,1,0,0,0,0,4.0,0,1,1,0,0
293,0,mumbai,mumbai,Yes,Yes,2.5,3.0,"Studio, 1BHK, 2 BHK, 3BHK, 4 BHK",550,0,0,1,0,0,1,0,0,0,0,0,0,0,0,0,0,0,0,0,1,4.0,1,1,1,1,1
294,1,bangalore,bangalore,Yes,Yes,3.0,10.0,"1BHK, 2 BHK",550,0,0,0,0,0,0,0,0,0,0,0,0,0,0,0,1,0,0,0,0,2.0,1,1,0,0,0
295,0,coimbatore,coimbatore,Yes,Yes,0.0,10.0,"Studio, 1BHK, 2 BHK, 3BHK",500,0,0,0,0,0,1,0,0,0,0,0,0,0,0,0,0,0,0,0,0,4.0,1,1,1,0,1
296,0,ahmedabad,hyderabad,Yes,Yes,3.0,3.0,"Studio, 1BHK, 2 BHK, 3BHK, 4 BHK",500,0,1,0,0,0,0,0,1,0,0,0,0,0,0,0,0,0,0,0,1,4.0,1,1,1,1,1
297,1,lucknow,bangalore,Yes,Yes,2.6,3.0,2 BHK,550,0,0,0,0,0,0,0,0,0,0,0,0,0,0,0,1,0,0,0,0,3.0,0,1,0,0,0
298,0,mumbai,mumbai,Yes,Yes,3.0,10.0,"Studio, 2 BHK",500,0,0,0,0,0,0,0,0,0,0,0,0,0,0,0,0,0,1,0,0,2.0,0,1,0,0,1
299,0,mumbai,mumbai,Yes,Yes,1.5,3.0,"Studio, 1BHK, 2 BHK, 3BHK, 4 BHK",450,0,0,0,0,0,0,0,0,0,0,0,0,1,0,0,0,0,0,0,0,3.0,1,1,1,1,1
300,0,hyderabad,hyderabad,No,Yes,1.3600526315789474,4.046783625730995,"Studio, 1BHK, 2 BHK, 3BHK, 4 BHK",< $500,0,0,0,0,0,0,0,0,0,0,0,0,0,0,0,0,0,0,0,0,2.797270955165692,1,1,1,1,1
301,0,mumbai,mumbai,Yes,Yes,0.0,3.0,3BHK,700,0,0,0,0,1,0,0,0,0,1,0,0,0,0,0,0,0,0,0,0,2.0,0,0,1,0,0
302,1,surat,surat,Yes,Yes,1.7,1.0,2 BHK,550,0,0,0,0,0,0,0,0,0,0,0,0,0,0,0,1,0,0,0,0,2.0,0,1,0,0,0
303,0,mumbai,mumbai,Yes,Yes,0.0,1.0,"2 BHK, 3BHK",500,0,0,1,0,0,0,0,0,0,0,0,0,0,1,0,0,0,0,0,0,4.0,0,1,1,0,0
304,1,pune,thane,Yes,Yes,0.0,3.0,"1BHK, 2 BHK, 3BHK, 4 BHK",550,0,0,0,0,0,0,0,1,0,0,0,0,0,0,0,0,0,0,0,0,2.0,1,1,1,1,0
305,0,indore,indore,Yes,Yes,1.0,1.0,"1BHK, 2 BHK",450,0,0,0,1,0,0,0,0,0,0,0,0,0,0,1,0,0,0,0,0,3.0,1,1,0,0,0
306,1,mumbai,navi mumbai,Yes,Yes,0.0,10.0,"1BHK, 2 BHK",550,0,1,0,0,0,0,0,0,0,0,0,0,0,0,0,0,0,0,1,1,2.0,1,1,0,0,0
307,0,trichy,india,Yes,Yes,0.9,3.0,"Studio, 1BHK, 2 BHK, 3BHK",550,1,1,0,2,1,0,0,0,0,0,0,0,1,0,0,0,0,0,0,0,4.0,1,1,1,0,1
308,0,chennai,chennai,Yes,Yes,5.0,5.0,2 BHK,400,0,0,0,0,0,0,0,0,0,0,0,0,1,0,0,0,0,0,0,0,2.0,0,1,0,0,0
309,1,delhi,mumbai,Yes,Yes,0.0,3.0,"Studio, 1BHK, 2 BHK",550,0,0,0,0,1,0,0,0,0,0,0,0,1,0,0,0,0,0,0,0,2.0,1,1,0,0,1
310,0,guntur,guntur,Yes,Yes,0.0,5.0,"Studio, 1BHK, 2 BHK, 3BHK, 4 BHK",550,0,0,0,0,0,0,0,0,0,0,0,0,0,1,0,0,0,0,0,0,4.0,1,1,1,1,1
311,0,kolkata,kolkata,Yes,Yes,0.0,5.0,"Studio, 1BHK, 2 BHK, 3BHK, 4 BHK",500,0,0,0,1,0,0,0,0,0,0,0,0,0,0,0,1,0,0,0,0,2.0,1,1,1,1,1
312,1,mumbai,mumbai,Yes,Yes,2.7,10.0,"Studio, 1BHK, 2 BHK",500,0,1,0,0,0,0,0,0,0,0,0,0,0,0,0,1,0,0,0,0,2.0,1,1,0,0,1
313,0,thane,thane,Yes,Yes,0.0,5.0,"Studio, 1BHK, 2 BHK",700,0,0,0,0,0,0,0,0,0,0,0,0,0,1,0,0,0,0,0,0,4.0,1,1,0,0,1
314,0,latur,pune,Yes,Yes,0.7,1.0,"2 BHK, 3BHK, 4 BHK",550,0,0,0,0,0,0,0,0,0,0,0,0,0,1,0,0,0,0,0,0,2.0,0,1,1,1,0
315,0,bhopal,bhopal,Yes,Yes,0.0,3.0,"Studio, 1BHK, 2 BHK, 3BHK, 4 BHK",500,0,0,0,0,1,0,0,0,0,0,0,0,0,1,0,0,0,0,0,1,4.0,1,1,1,1,1
316,1,"thane,mumbai","thane,mumbai",Yes,Yes,0.0,3.0,"Studio, 1BHK, 2 BHK, 3BHK",500,0,1,0,0,0,0,0,0,0,0,0,0,0,0,1,0,0,0,0,0,2.0,1,1,1,0,1
317,1,mumbai,mumbai,Yes,Yes,0.0,3.0,"1BHK, 2 BHK, 3BHK, 4 BHK",400,1,1,1,0,0,0,0,1,0,0,0,0,0,0,0,0,0,0,0,0,2.0,1,1,1,1,0
318,0,nagpur,nagpur,Yes,Yes,0.0,5.0,"Studio, 1BHK, 2 BHK, 3BHK, 4 BHK",700,0,0,0,0,0,0,0,0,0,0,0,0,0,1,0,0,0,0,0,0,3.0,1,1,1,1,1
319,1,mysore,bangalore,Yes,Yes,2.0,3.0,"1BHK, 2 BHK",450,0,1,2,0,0,0,0,0,0,0,1,0,0,0,0,0,0,0,0,0,2.0,1,1,0,0,0
320,0,mumbai,mumbai,Yes,Yes,0.0,5.0,2 BHK,450,0,0,0,0,0,0,0,1,0,0,0,0,0,0,0,0,0,0,0,0,4.0,0,1,0,0,0
321,0,kanpur (u.p),bengaluru,Yes,No,1.7,10.0,"Studio, 2 BHK, 3BHK",500,0,0,0,0,0,0,0,1,0,0,0,0,0,0,0,0,0,0,0,0,4.0,0,1,1,0,1
322,0,nigdi pune,nigdi pune,Yes,Yes,5.0,10.0,"Studio, 1BHK, 2 BHK, 3BHK, 4 BHK",550,0,0,0,0,0,0,0,0,0,0,0,0,0,1,0,0,0,0,0,0,2.0,1,1,1,1,1
323,1,new delhi,new delhi,Yes,Yes,0.0,3.0,"2 BHK, 3BHK, 4 BHK",500,0,0,0,1,1,0,0,0,0,1,0,0,0,0,0,0,0,0,0,0,1.0,0,1,1,1,0
324,0,bangalore,bangalore,Yes,Yes,2.5,3.0,"Studio, 1BHK, 2 BHK, 3BHK, 4 BHK",500,0,0,2,0,1,0,0,0,0,1,0,0,0,0,0,0,0,0,0,0,1.0,1,1,1,1,1
325,0,mumbai,mumbai,Yes,Yes,0.0,3.0,"1BHK, 2 BHK, 3BHK, 4 BHK",700,0,1,1,0,0,0,0,0,0,0,0,0,0,0,0,1,0,0,0,0,4.0,1,1,1,1,0
326,0,indore,indore,Yes,Yes,1.5,3.0,"1BHK, 2 BHK",450,0,0,1,0,0,0,0,0,0,0,0,0,0,0,0,1,0,0,0,0,2.0,1,1,0,0,0
327,0,thrissur kerala,nit waranagal,Yes,Yes,0.0,1.0,"Studio, 3BHK",700,1,1,0,1,0,0,0,0,0,0,0,0,0,0,0,1,0,0,0,0,2.0,0,0,1,0,1
328,0,mumbai,mumbai,Yes,Yes,0.0,3.0,"Studio, 1BHK, 2 BHK",450,1,1,1,0,0,0,0,0,0,0,0,0,0,1,0,0,0,0,0,0,4.0,1,1,0,0,1
329,0,meerut,bangalore,Yes,Yes,2.0,10.0,"Studio, 1BHK, 2 BHK, 3BHK",500,0,1,0,0,1,0,0,1,0,0,0,0,0,0,0,0,0,0,0,0,1.0,1,1,1,0,1
330,1,mumbai,mumbai,Yes,Yes,0.0,3.0,"Studio, 1BHK",500,0,0,0,0,1,0,0,0,0,0,0,0,0,0,0,1,0,0,0,0,3.0,1,0,0,0,1
331,0,ahmedabad,ahmedabad,Yes,Yes,0.0,3.0,"1BHK, 2 BHK",500,0,0,0,0,0,0,0,0,0,0,0,1,0,0,0,0,0,0,0,0,3.0,1,1,0,0,0
332,0,new delhi,new delhi,Yes,Yes,3.8,3.0,"1BHK, 2 BHK, 3BHK",550,1,1,0,0,0,0,0,1,0,0,0,0,0,0,0,0,0,0,0,0,2.0,1,1,1,0,0
333,1,hyderabad,hyderabad,Yes,Yes,2.0,5.0,"Studio, 2 BHK",500,0,0,0,0,0,0,0,0,0,1,0,0,0,0,0,0,0,0,0,0,2.0,0,1,0,0,1
334,0,manipal,mysore,Yes,Yes,3.0,10.0,"Studio, 1BHK, 2 BHK, 3BHK, 4 BHK",700,0,0,0,1,0,0,0,0,0,0,0,0,1,0,0,0,0,0,0,1,4.0,1,1,1,1,1
335,0,bangalore,bangalore,Yes,Yes,1.5,5.0,"1BHK, 2 BHK, 3BHK, 4 BHK",550,0,0,0,0,1,0,0,0,0,0,0,0,1,0,0,0,0,0,0,0,2.0,1,1,1,1,0
336,1,dombivli,dombivli,Yes,Yes,0.3,3.0,2 BHK,450,0,0,0,0,0,0,0,0,0,0,0,0,1,0,0,0,0,0,0,0,2.0,0,1,0,0,0
337,0,goa,goa,Yes,No,2.5,5.0,"Studio, 1BHK, 2 BHK, 3BHK, 4 BHK",550,0,1,0,0,0,0,0,1,0,0,0,0,0,0,0,0,0,0,0,1,3.0,1,1,1,1,1
338,0,mumbai,mumbai,Yes,Yes,0.0,1.0,2 BHK,700,0,0,0,0,0,0,0,1,0,0,0,0,0,0,0,0,0,0,0,1,4.0,0,1,0,0,0
339,0,mangalore,bangalore,Yes,Yes,3.0,5.0,"Studio, 1BHK, 2 BHK, 3BHK, 4 BHK",500,0,1,0,2,0,0,0,1,0,0,0,0,0,0,0,0,0,0,0,0,1.0,1,1,1,1,1
340,0,ahmedabad,ahmedabad,Yes,Yes,0.0,5.0,"2 BHK, 3BHK, 4 BHK",700,1,1,1,0,0,0,0,0,0,1,0,0,0,0,0,0,0,0,0,0,2.0,0,1,1,1,0
341,1,"kolkata, india","mumbai, india",Yes,Yes,0.0,3.0,"2 BHK, 3BHK",1000,1,1,0,0,1,0,0,0,0,0,0,0,0,0,0,0,0,0,1,0,1.0,0,1,1,0,0
342,0,ajmer,gurgaon,Yes,Yes,1.0,5.0,"1BHK, 2 BHK, 3BHK, 4 BHK",500,0,1,0,2,1,0,0,0,0,0,0,0,0,0,0,1,0,0,0,1,4.0,1,1,1,1,0
343,0,mumbai,mumbai,Yes,Yes,1.6,10.0,"1BHK, 2 BHK, 3BHK",500,0,1,0,1,0,0,0,1,0,0,0,0,0,0,0,0,0,0,0,0,4.0,1,1,1,0,0
344,0,indore,indore,Yes,Yes,0.0,1.0,3BHK,700,2,2,0,2,0,0,0,0,0,1,0,0,0,0,0,0,0,0,0,0,2.0,0,0,1,0,0
345,0,mumbai,mumbai,Yes,Yes,0.2,5.0,"Studio, 1BHK, 2 BHK, 3BHK, 4 BHK",500,0,0,0,0,1,0,0,0,0,0,0,0,0,1,0,0,0,0,0,0,4.0,1,1,1,1,1
346,0,nagpur,mumbai,Yes,Yes,1.0,5.0,"3BHK, 4 BHK",700,0,0,0,0,1,0,0,0,0,0,0,1,0,0,0,0,0,0,0,1,2.0,0,0,1,1,0
347,0,mangalore,dubai,Yes,Yes,0.0,3.0,"2 BHK, 3BHK",500,0,1,0,0,0,0,0,0,0,0,0,0,1,0,0,0,0,0,0,0,2.0,0,1,1,0,0
348,0,pune,pune,Yes,Yes,0.0,1.0,"1BHK, 2 BHK",500,0,0,0,0,0,0,1,0,0,0,0,0,0,0,0,0,0,0,0,0,2.0,1,1,0,0,0
349,0,kalyan,kalyan,Yes,Yes,0.0,10.0,"Studio, 1BHK, 2 BHK, 3BHK, 4 BHK",450,0,1,0,1,0,0,0,0,0,0,0,0,0,0,0,1,0,0,0,0,1.0,1,1,1,1,1
350,1,ranchi,hyderabad,Yes,Yes,2.1,3.0,"2 BHK, 3BHK",450,0,0,0,0,0,0,0,0,0,0,0,0,1,0,0,0,0,0,0,0,3.0,0,1,1,0,0
351,0,pune,pune,No,Yes,1.3600526315789474,4.046783625730995,"Studio, 1BHK, 2 BHK, 3BHK, 4 BHK",< $500,0,0,0,0,0,0,0,0,0,0,0,0,0,0,0,0,0,0,0,0,2.797270955165692,1,1,1,1,1
352,0,thane,thane,Yes,Yes,2.0,5.0,"1BHK, 2 BHK, 3BHK, 4 BHK",400,0,1,0,2,0,0,0,0,0,0,0,0,0,1,0,0,0,0,0,0,3.0,1,1,1,1,0
353,0,navsari,ahmedabad,Yes,Yes,1.5,3.0,"Studio, 1BHK, 2 BHK, 3BHK, 4 BHK",500,0,0,0,0,1,0,0,0,0,1,0,0,0,0,0,0,0,0,0,0,4.0,1,1,1,1,1
354,1,ranchi,hyderabad,Yes,Yes,2.1,5.0,"2 BHK, 3BHK",450,0,0,0,0,0,0,0,0,0,0,0,0,1,0,0,0,0,0,0,0,3.0,0,1,1,0,0
355,0,mumbai,mumbai,Yes,Yes,0.75,3.0,"2 BHK, 3BHK, 4 BHK",550,0,1,1,0,1,0,0,1,0,0,0,0,0,0,0,0,0,0,0,1,4.0,0,1,1,1,0
356,0,mumbai,mumbai,Yes,Yes,0.0,3.0,"1BHK, 2 BHK, 3BHK, 4 BHK",500,2,0,1,2,0,0,0,0,0,0,0,0,0,0,0,1,0,0,0,0,3.0,1,1,1,1,0
357,0,mumbai,mumbai,Yes,Yes,2.0,3.0,"Studio, 1BHK, 2 BHK, 3BHK, 4 BHK",450,0,0,0,0,0,0,0,0,0,0,0,0,1,0,0,0,0,0,0,1,3.0,1,1,1,1,1
358,0,mumbai,mumbai,Yes,Yes,0.0,5.0,"1BHK, 2 BHK, 3BHK, 4 BHK",700,0,0,0,0,0,0,0,0,0,0,0,0,1,0,0,0,0,0,0,0,3.0,1,1,1,1,0
359,1,chandigarh,east windsor,Yes,Yes,4.5,3.0,"1BHK, 2 BHK, 3BHK",500,0,0,0,0,1,0,0,1,0,0,0,0,0,0,0,0,0,0,0,0,3.0,1,1,1,0,0
360,0,sakaleshpur,bangalore,Yes,Yes,6.0,10.0,"Studio, 1BHK, 2 BHK, 3BHK, 4 BHK",450,0,0,0,1,1,0,0,1,0,0,0,0,0,0,0,0,0,0,0,1,2.0,1,1,1,1,1
361,0,bengaluru,bengaluru,Yes,Yes,0.0,5.0,"1BHK, 2 BHK, 3BHK, 4 BHK",1000,0,0,0,0,0,0,0,0,0,1,0,0,0,0,0,0,0,0,0,1,4.0,1,1,1,1,0
362,0,ghaziabad,bangalore,Yes,Yes,2.0,1.0,"Studio, 1BHK, 2 BHK, 3BHK",700,0,0,0,1,0,0,0,0,0,1,0,0,0,0,0,0,0,0,0,0,2.0,1,1,1,0,1
363,0,mumbai,borivali,Yes,No,0.0,5.0,2 BHK,450,2,0,0,0,0,0,0,0,0,0,0,0,0,0,0,1,0,0,0,0,2.0,0,1,0,0,0
364,0,nagpur,mumbai,Yes,Yes,0.0,10.0,"1BHK, 2 BHK, 3BHK, 4 BHK",500,0,0,0,0,0,0,0,0,0,0,0,0,0,1,0,0,0,0,0,1,3.0,1,1,1,1,0
365,1,mumbai,mumbai,Yes,Yes,0.0,1.0,"1BHK, 2 BHK, 3BHK",450,1,1,0,0,0,0,0,0,0,0,0,0,0,0,0,1,0,0,0,0,4.0,1,1,1,0,0
366,1,rasayani,navi mumbai,Yes,Yes,1.1,10.0,"Studio, 1BHK",400,1,1,0,1,0,0,0,0,0,0,0,0,0,0,0,0,0,0,1,1,4.0,1,0,0,0,1
367,0,mumbai,mumbai,Yes,Yes,1.0,3.0,2 BHK,550,0,0,0,0,0,0,0,0,0,0,0,0,1,0,0,0,0,0,0,0,2.0,0,1,0,0,0
368,0,jalgaon,tiruchirappalli,Yes,Yes,0.5,10.0,"1BHK, 2 BHK, 3BHK, 4 BHK",500,0,1,0,0,0,0,0,0,0,0,0,0,0,0,0,0,1,0,0,1,4.0,1,1,1,1,0
369,1,mumbai,bangalore,Yes,Yes,3.0,5.0,"Studio, 1BHK, 2 BHK, 3BHK, 4 BHK",500,1,1,0,0,0,0,1,0,0,0,0,0,0,0,0,0,0,0,0,0,2.0,1,1,1,1,1
370,0,mumbai,mumbai,Yes,Yes,3.0,10.0,"Studio, 1BHK, 2 BHK, 3BHK, 4 BHK",400,0,1,1,0,0,0,0,0,0,0,0,0,0,0,0,1,0,0,0,1,2.0,1,1,1,1,1
371,0,mumbai,pune,Yes,Yes,2.4,3.0,"1BHK, 2 BHK, 3BHK",550,0,1,0,0,0,0,0,0,0,0,0,0,0,0,0,1,0,0,0,0,3.0,1,1,1,0,0
372,0,mumbai,mumbai,Yes,Yes,0.8,3.0,"Studio, 1BHK, 2 BHK, 3BHK, 4 BHK",500,0,0,0,0,0,0,0,1,0,0,0,0,0,0,0,0,0,0,0,0,4.0,1,1,1,1,1
373,0,mumbai,mumbai,Yes,Yes,2.0,5.0,"Studio, 1BHK, 2 BHK, 3BHK, 4 BHK",450,1,1,0,0,0,0,0,0,0,0,0,0,0,0,0,1,0,0,0,0,3.0,1,1,1,1,1
374,0,vadodara,vadodara,Yes,Yes,1.0,1.0,"2 BHK, 3BHK, 4 BHK",700,0,1,1,0,0,0,0,0,0,0,0,0,1,0,0,0,0,0,0,0,3.0,0,1,1,1,0
375,0,ahmedabad,ahmedabad,Yes,Yes,0.0,5.0,"1BHK, 2 BHK, 3BHK, 4 BHK",500,0,0,1,0,0,0,0,0,0,0,0,0,1,0,0,0,0,0,0,0,4.0,1,1,1,1,0
376,0,bangalore,bangalore,Yes,Yes,3.0,10.0,"Studio, 1BHK, 2 BHK",550,0,1,0,0,0,0,0,1,0,0,0,0,0,0,0,0,0,0,0,0,2.0,1,1,0,0,1
377,0,morbi,nagpur,Yes,Yes,0.0,3.0,"Studio, 1BHK, 2 BHK",550,1,1,1,0,0,0,0,0,0,0,0,0,1,0,0,0,0,0,0,0,4.0,1,1,0,0,1
378,0,rajkot,bangalore,Yes,Yes,1.0,3.0,"3BHK, 4 BHK",500,0,0,0,0,0,0,0,1,0,0,0,0,0,0,0,0,0,0,0,0,2.0,0,0,1,1,0
379,0,mumbai,mumbai,Yes,Yes,2.0,3.0,"1BHK, 2 BHK, 3BHK",550,0,1,1,0,0,0,0,0,0,0,0,0,0,0,0,0,0,0,1,1,4.0,1,1,1,0,0
380,0,mumbai,mumbai,Yes,Yes,0.0,3.0,"2 BHK, 3BHK, 4 BHK",1000,0,0,0,0,0,0,0,1,0,0,0,0,0,0,0,0,0,0,0,0,2.0,0,1,1,1,0
381,0,bangalore,bangalore,Yes,Yes,2.6,3.0,"1BHK, 2 BHK",400,0,1,1,0,0,0,0,1,0,0,0,0,0,0,0,0,0,0,0,0,4.0,1,1,0,0,0
382,0,ranchi,pune,Yes,Yes,2.8,3.0,"1BHK, 2 BHK, 3BHK",450,0,0,0,1,1,0,0,1,0,0,0,0,0,0,0,0,0,0,0,1,3.0,1,1,1,0,0
383,1,mumbai,mumbai,Yes,Yes,1.6,10.0,"Studio, 1BHK, 2 BHK",550,0,1,1,0,1,0,0,0,0,1,0,0,0,0,0,0,0,0,0,0,3.0,1,1,0,0,1
384,1,indore,indore,Yes,Yes,0.0,3.0,"2 BHK, 3BHK, 4 BHK",500,0,0,0,0,0,0,0,0,0,1,0,0,0,0,0,0,0,0,0,0,2.0,0,1,1,1,0
385,0,chennai,noida,Yes,Yes,1.0,3.0,"Studio, 1BHK, 2 BHK, 3BHK, 4 BHK",550,0,0,0,1,0,0,0,0,0,0,0,0,0,0,0,0,0,0,1,0,4.0,1,1,1,1,1
386,1,mumbai,mumbai,Yes,Yes,0.0,3.0,"2 BHK, 3BHK",500,0,0,0,0,0,0,0,0,0,0,0,0,0,0,0,1,0,0,0,0,2.0,0,1,1,0,0
387,0,nasik,mumbai,Yes,Yes,1.0,1.0,"2 BHK, 3BHK, 4 BHK",500,0,0,0,0,1,0,0,0,0,0,0,0,0,0,0,0,0,0,1,0,4.0,0,1,1,1,0
388,0,mumbai,mumbai,Yes,Yes,1.0,3.0,"Studio, 1BHK, 2 BHK, 3BHK, 4 BHK",500,0,1,0,0,1,0,0,0,0,0,0,0,1,0,0,0,0,0,0,1,4.0,1,1,1,1,1
389,0,mumbai,mumbai,Yes,Yes,1.5,3.0,2 BHK,450,0,1,0,0,0,0,0,0,0,0,0,0,1,0,0,0,0,0,0,0,2.0,0,1,0,0,0
390,0,pune,mumbai,Yes,Yes,1.5,3.0,"1BHK, 2 BHK, 3BHK, 4 BHK",1000,0,0,0,0,0,0,0,0,0,0,0,0,1,0,0,0,0,0,0,0,3.0,1,1,1,1,0
391,1,mumbai,mumbai,Yes,Yes,0.7,1.0,"1BHK, 2 BHK, 3BHK",550,0,1,1,0,0,0,0,0,0,0,0,0,0,0,0,1,0,0,0,1,4.0,1,1,1,0,0
392,0,mumbai,mumbai,Yes,Yes,0.0,1.0,"2 BHK, 3BHK, 4 BHK",500,1,1,0,2,0,0,0,0,0,0,0,0,0,0,0,1,0,0,0,0,4.0,0,1,1,1,0
393,0,pune,pune,Yes,Yes,2.0,3.0,"1BHK, 2 BHK, 3BHK, 4 BHK",550,0,0,0,0,0,0,0,0,0,0,0,0,0,0,1,0,0,0,0,0,2.0,1,1,1,1,0
394,0,jalgaon,mumbai,Yes,Yes,5.0,3.0,"Studio, 1BHK, 2 BHK",500,0,0,0,1,0,0,0,0,0,0,0,0,0,0,0,1,0,0,0,1,2.0,1,1,0,0,1
395,1,jalgaon,pune,Yes,Yes,3.0,5.0,"Studio, 1BHK, 2 BHK, 3BHK",400,0,1,0,1,0,0,0,0,0,0,0,0,0,0,0,1,0,0,0,0,2.0,1,1,1,0,1
396,0,meerut,mumbai,Yes,Yes,3.8,1.0,"1BHK, 2 BHK, 3BHK, 4 BHK",550,0,0,0,0,0,0,0,0,0,0,0,0,0,0,0,0,0,0,1,0,2.0,1,1,1,1,0
397,0,"bhilai, durg","bhilai, durg",Yes,Yes,1.7,10.0,"1BHK, 2 BHK",550,0,1,1,0,0,0,0,0,0,0,0,0,0,0,0,1,0,0,0,0,3.0,1,1,0,0,0
398,0,mumbai,mumbai,Yes,Yes,2.0,3.0,"1BHK, 2 BHK",1000,0,0,0,0,1,0,0,0,0,0,0,0,1,0,0,0,0,0,0,0,1.0,1,1,0,0,0
399,0,mumbai,mumbai,Yes,Yes,1.5,3.0,2 BHK,450,0,0,0,0,0,0,0,0,0,0,0,0,0,0,0,0,0,0,1,1,2.0,0,1,0,0,0
400,0,sakaleshpur,bangalore,Yes,Yes,6.0,10.0,"1BHK, 2 BHK, 3BHK",500,0,0,0,1,1,0,0,1,0,0,0,0,0,0,0,0,0,0,0,1,2.0,1,1,1,0,0
401,1,mumbai,navi mumbai,Yes,Yes,1.7,3.0,"2 BHK, 3BHK, 4 BHK",700,0,0,0,0,0,0,0,0,0,0,0,0,0,1,0,0,0,0,0,0,2.0,0,1,1,1,0
402,0,mumbai,mumbai,Yes,Yes,2.0,3.0,"Studio, 1BHK, 2 BHK",500,0,0,0,0,0,0,0,0,0,0,0,0,1,0,0,0,0,0,0,0,2.0,1,1,0,0,1
403,0,thane(mumbai),thane(mumbai),Yes,Yes,1.0,1.0,"2 BHK, 3BHK",550,0,0,0,0,0,0,1,0,0,0,0,0,0,0,0,0,0,0,0,0,4.0,0,1,1,0,0
404,0,"bangalore, india","bangalore, india",Yes,Yes,2.0,3.0,"Studio, 1BHK, 2 BHK, 3BHK, 4 BHK",700,0,1,2,0,1,0,0,1,0,0,0,0,0,0,0,0,0,0,0,0,2.0,1,1,1,1,1
405,0,trivandrum,kerala,Yes,Yes,1.0,3.0,4 BHK,500,0,0,0,1,0,0,1,0,0,0,0,0,0,0,0,0,0,0,0,0,4.0,0,0,0,1,0
406,0,bangalore,bangalore,Yes,Yes,0.0,1.0,"Studio, 1BHK, 2 BHK, 3BHK, 4 BHK",700,2,0,0,0,1,0,0,0,0,0,0,0,1,0,0,0,0,0,0,0,3.0,1,1,1,1,1
407,1,bangalore,bangalore,Yes,Yes,0.6,5.0,"Studio, 1BHK, 2 BHK",500,0,1,1,0,0,0,0,0,0,0,0,0,0,0,0,0,0,0,1,0,2.0,1,1,0,0,1
408,0,kanpur,pune,Yes,Yes,2.0,3.0,"Studio, 1BHK, 2 BHK, 3BHK, 4 BHK",550,0,0,0,0,0,0,0,1,0,0,0,0,0,0,0,0,0,0,0,0,2.0,1,1,1,1,1
409,0,mumbai,mumbai,Yes,Yes,0.0,3.0,"2 BHK, 3BHK",550,0,0,1,0,0,0,0,0,0,0,0,0,0,1,0,0,0,0,0,0,4.0,0,1,1,0,0
410,0,dehradun,dehradun,Yes,Yes,0.0,1.0,"1BHK, 2 BHK",450,0,0,0,0,1,0,0,1,0,0,0,0,0,0,0,0,0,0,0,0,3.0,1,1,0,0,0
411,1,mumbai,mumbai,Yes,Yes,0.0,1.0,"2 BHK, 3BHK",700,0,0,2,0,0,0,0,1,0,0,0,0,0,0,0,0,0,0,0,0,3.0,0,1,1,0,0
412,0,dahod,pune,Yes,Yes,0.0,5.0,2 BHK,700,0,1,0,0,1,0,0,1,0,0,0,0,0,0,0,0,0,0,0,0,3.0,0,1,0,0,0
413,0,"surendranagar, gujarat",surendranagar,Yes,Yes,2.0,3.0,"Studio, 1BHK, 2 BHK",450,0,1,0,0,0,0,0,1,0,0,0,0,0,0,0,0,0,0,0,0,3.0,1,1,0,0,1
414,0,delhi,delhi,Yes,Yes,1.5,5.0,2 BHK,450,0,0,0,0,0,0,0,1,0,0,0,0,0,0,0,0,0,0,0,0,2.0,0,1,0,0,0
415,0,new delhi,new delhi,Yes,Yes,0.0,5.0,"Studio, 1BHK, 2 BHK, 3BHK, 4 BHK",550,0,0,0,1,1,0,0,0,0,0,0,1,0,0,0,0,0,0,0,0,2.0,1,1,1,1,1
416,0,bengaluru,delhi,Yes,Yes,1.0,5.0,"3BHK, 4 BHK",450,0,1,0,0,0,0,0,0,0,0,0,0,1,0,0,0,0,0,0,1,2.0,0,0,1,1,0
417,1,goa,vadodara,Yes,Yes,2.0,3.0,"1BHK, 2 BHK",550,0,0,0,1,0,0,0,0,0,0,0,0,0,0,0,0,0,1,0,0,3.0,1,1,0,0,0
418,0,chennai,mumbai,Yes,Yes,1.8,5.0,"1BHK, 2 BHK, 3BHK",550,0,0,1,1,0,0,0,0,0,0,0,0,0,0,0,0,0,0,1,0,4.0,1,1,1,0,0
419,0,mumbai,mumbai,Yes,Yes,0.0,3.0,2 BHK,550,2,0,2,0,0,0,0,0,0,0,0,0,0,0,0,0,0,0,1,0,2.0,0,1,0,0,0
420,0,mangalore,mumbai,No,Yes,1.3600526315789474,4.046783625730995,"Studio, 1BHK, 2 BHK, 3BHK, 4 BHK",< $500,0,0,0,0,0,0,0,0,0,0,0,0,0,0,0,0,0,0,0,0,2.797270955165692,1,1,1,1,1
421,1,aurangabad,aurangabad,Yes,No,0.0,5.0,"Studio, 1BHK, 2 BHK",500,0,0,0,0,0,0,0,1,0,0,0,0,0,0,0,0,0,0,0,0,3.0,1,1,0,0,1
422,0,mumbai,mumbai,Yes,Yes,0.0,5.0,"Studio, 1BHK, 2 BHK, 3BHK, 4 BHK",550,0,0,0,0,0,0,0,0,0,0,0,0,0,1,0,0,0,0,0,0,4.0,1,1,1,1,1
423,1,trichy,trichy,Yes,Yes,0.8,3.0,"1BHK, 2 BHK",450,1,1,1,0,1,0,0,1,0,0,0,0,0,0,0,0,0,0,0,0,3.0,1,1,0,0,0
424,0,mumbai,mumbai,Yes,Yes,1.0,3.0,1BHK,450,0,0,0,0,0,0,0,1,0,0,0,0,0,0,0,0,0,0,0,0,2.0,1,0,0,0,0
425,0,mumbai,mumbai,Yes,Yes,0.8,3.0,"Studio, 1BHK, 2 BHK, 3BHK, 4 BHK",550,0,0,0,0,1,0,0,0,0,0,0,0,0,1,0,0,0,0,0,1,4.0,1,1,1,1,1
426,0,pune,pune,Yes,Yes,0.0,3.0,"Studio, 1BHK, 2 BHK, 3BHK, 4 BHK",550,0,0,0,0,0,0,0,0,0,0,0,0,0,0,1,0,0,0,0,0,2.0,1,1,1,1,1
427,0,mumbai,mumbai,Yes,Yes,0.0,3.0,2 BHK,450,0,1,0,0,0,0,0,0,0,0,0,0,0,1,0,0,0,0,0,0,3.0,0,1,0,0,0
428,1,mumbai,mumbai,Yes,Yes,0.0,1.0,"1BHK, 2 BHK, 3BHK",550,0,0,0,0,0,0,0,0,0,0,0,0,0,0,0,1,0,0,0,0,4.0,1,1,1,0,0
429,1,mumbai,mumbai,Yes,Yes,0.0,1.0,"1BHK, 2 BHK, 3BHK, 4 BHK",450,1,1,1,0,0,0,0,1,0,0,0,0,0,0,0,0,0,0,0,1,3.0,1,1,1,1,0
430,0,mumbai,mumbai,Yes,Yes,0.0,1.0,"Studio, 1BHK, 2 BHK, 3BHK, 4 BHK",500,0,0,0,0,0,0,0,0,0,0,0,0,0,0,0,1,0,0,0,1,4.0,1,1,1,1,1
431,0,nagpur,nagpur,No,Yes,1.3600526315789474,4.046783625730995,"Studio, 1BHK, 2 BHK, 3BHK, 4 BHK",< $500,0,0,0,0,0,0,0,0,0,0,0,0,0,0,0,0,0,0,0,0,2.797270955165692,1,1,1,1,1
432,0,ahmedabad,ahmedabad,Yes,Yes,2.0,3.0,"Studio, 1BHK, 2 BHK",400,0,0,1,0,0,0,0,0,0,0,0,0,1,0,0,0,0,0,0,0,4.0,1,1,0,0,1
433,0,mumbai,mumbai,Yes,Yes,3.5,1.0,"Studio, 1BHK, 2 BHK, 3BHK",550,1,1,0,0,1,0,0,0,0,0,0,0,1,0,0,0,0,0,0,0,2.0,1,1,1,0,1
434,1,solapur,solapur,Yes,Yes,0.0,1.0,2 BHK,400,0,1,0,1,0,0,0,0,0,0,0,0,0,0,0,0,0,0,1,0,4.0,0,1,0,0,0
435,0,aurangabad,aurangabad,Yes,No,0.0,5.0,1BHK,400,1,1,0,0,0,0,0,1,0,0,0,0,0,0,0,0,0,0,0,0,4.0,1,0,0,0,0
436,0,indian,mumbai,Yes,Yes,0.0,3.0,"1BHK, 2 BHK, 3BHK, 4 BHK",550,0,0,0,1,0,0,0,0,0,0,0,0,0,0,0,0,0,0,1,0,3.0,1,1,1,1,0
437,0,odisha,pune,Yes,Yes,6.0,1.0,"Studio, 1BHK, 2 BHK, 3BHK",700,0,1,2,0,0,0,0,1,0,0,0,0,0,0,0,0,0,0,0,1,4.0,1,1,1,0,1
438,0,hyderabad,hyderabad,Yes,Yes,0.0,5.0,"Studio, 1BHK, 2 BHK, 3BHK, 4 BHK",500,0,0,0,0,0,0,1,0,0,0,0,0,0,0,0,0,0,0,0,0,3.0,1,1,1,1,1
439,0,bhubaneswar,bhubaneswar,Yes,Yes,2.5,3.0,"Studio, 1BHK, 2 BHK",500,1,1,1,0,0,0,0,1,0,0,0,0,0,0,0,0,0,0,0,0,2.0,1,1,0,0,1
440,0,indore,indore,Yes,Yes,2.0,1.0,"1BHK, 2 BHK",550,0,1,1,0,0,0,0,0,0,0,0,0,0,1,0,0,0,0,0,0,2.0,1,1,0,0,0
441,0,mumbai,mumbai,Yes,Yes,1.5,3.0,"1BHK, 2 BHK, 3BHK, 4 BHK",550,0,0,0,0,1,0,0,0,0,0,0,0,0,0,0,1,0,0,0,0,4.0,1,1,1,1,0
442,0,chennai,chennai,Yes,Yes,0.0,3.0,2 BHK,450,0,1,1,0,0,0,0,0,0,0,0,0,0,0,0,1,0,0,0,0,4.0,0,1,0,0,0
443,0,ahmedabad,ahmedabad,Yes,Yes,0.0,5.0,2 BHK,1000,0,0,0,2,0,0,0,0,0,0,0,0,1,0,0,0,0,0,0,0,2.0,0,1,0,0,0
444,0,delhi,delhi ncr,Yes,Yes,1.0,5.0,"2 BHK, 3BHK",500,0,0,0,0,0,0,0,0,0,0,0,0,0,0,0,0,0,0,1,0,2.0,0,1,1,0,0
445,1,boston,"mumbai, india",Yes,Yes,2.0,5.0,"1BHK, 2 BHK, 3BHK, 4 BHK",450,2,0,0,0,0,0,0,0,0,0,0,0,0,0,0,0,0,1,0,0,2.0,1,1,1,1,0
446,0,solapur,solapur,Yes,Yes,1.0,1.0,"Studio, 1BHK, 2 BHK, 3BHK, 4 BHK",550,0,1,0,1,0,0,1,0,0,0,0,0,0,0,0,0,0,0,0,0,2.0,1,1,1,1,1
447,1,mumbai,us,Yes,Yes,2.0,3.0,1BHK,550,1,1,0,1,1,0,0,1,0,0,0,0,0,0,0,0,0,0,0,0,1.0,1,0,0,0,0
448,0,hubli,hubli,Yes,Yes,0.5,1.0,"1BHK, 2 BHK",450,0,1,0,1,0,0,1,0,0,0,0,0,0,0,0,0,0,0,0,0,2.0,1,1,0,0,0
449,0,chittoor,chennaia,Yes,Yes,2.0,10.0,"2 BHK, 3BHK",500,0,0,0,0,0,0,0,0,0,0,0,0,0,0,0,1,0,0,0,0,3.0,0,1,1,0,0
450,0,nellore,chennai,Yes,Yes,2.0,3.0,"2 BHK, 3BHK",500,0,1,0,0,1,0,0,0,0,0,0,0,0,0,0,0,0,0,1,0,3.0,0,1,1,0,0
451,1,hyderabad,bangalore,Yes,Yes,2.0,1.0,"2 BHK, 3BHK",450,0,1,0,0,0,0,0,0,0,0,0,0,1,0,0,0,0,0,0,0,2.0,0,1,1,0,0
452,0,mandya,bangalore,Yes,Yes,2.8,3.0,"1BHK, 2 BHK",400,0,1,0,0,0,0,0,0,0,0,0,0,0,0,0,0,0,0,1,0,4.0,1,1,0,0,0
453,1,kolkata,pune,Yes,Yes,0.0,3.0,"Studio, 1BHK, 2 BHK",550,1,1,2,0,0,0,0,0,0,0,0,0,0,1,0,0,0,0,0,0,3.0,1,1,0,0,1
454,1,chennai,chennai,No,Yes,0.0,3.0,"Studio, 2 BHK",550,0,1,0,1,0,0,0,0,0,0,0,0,0,0,1,0,0,0,0,0,1.0,0,1,0,0,1
455,0,mumbai,mumbai,Yes,Yes,0.0,3.0,"Studio, 1BHK, 2 BHK, 3BHK",550,0,0,0,0,0,0,0,0,0,0,0,0,0,1,0,0,0,0,0,0,3.0,1,1,1,0,1
456,0,delhi,pune,Yes,Yes,3.75,5.0,"Studio, 1BHK, 2 BHK, 3BHK",500,0,0,0,0,0,0,0,0,0,0,0,0,0,0,0,1,0,0,0,0,2.0,1,1,1,0,1
457,1,faridabad,faridabad,Yes,No,0.0,3.0,"1BHK, 2 BHK, 3BHK, 4 BHK",500,1,1,0,1,1,0,0,1,0,0,0,0,0,0,0,0,0,0,0,0,2.0,1,1,1,1,0
458,1,dombivli,dombivli,Yes,Yes,1.0,5.0,"1BHK, 2 BHK",500,1,1,0,0,0,0,0,0,0,0,0,0,1,0,0,0,0,0,0,0,3.0,1,1,0,0,0
459,0,coimbatore,bangalore,Yes,Yes,2.0,5.0,"Studio, 1BHK, 2 BHK, 3BHK",550,0,0,0,0,0,0,0,0,0,0,0,0,1,0,0,0,0,0,0,0,4.0,1,1,1,0,1
460,1,khopoli,pune,Yes,Yes,2.0,3.0,"Studio, 1BHK, 2 BHK",700,0,1,2,0,1,0,0,0,0,0,0,0,0,1,0,0,0,0,0,0,2.0,1,1,0,0,1
461,1,new delhi,new delhi,No,Yes,1.3600526315789474,4.046783625730995,"Studio, 1BHK, 2 BHK, 3BHK, 4 BHK",< $500,0,0,0,0,0,0,0,0,0,0,0,0,0,0,0,0,0,0,0,0,2.797270955165692,1,1,1,1,1
462,0,chennai,singapore,Yes,Yes,0.0,10.0,"2 BHK, 3BHK, 4 BHK",1000,0,1,0,0,1,0,0,0,0,0,0,0,1,0,0,0,0,0,0,0,4.0,0,1,1,1,0
463,0,guntur,bangalore,Yes,Yes,0.0,3.0,"2 BHK, 3BHK, 4 BHK",400,0,0,0,0,0,0,0,0,0,1,0,0,0,0,0,0,0,0,0,0,4.0,0,1,1,1,0
464,0,mumbai,mumbai,Yes,Yes,0.5,5.0,"Studio, 1BHK, 2 BHK, 3BHK, 4 BHK",450,0,1,0,0,1,0,0,0,0,1,0,0,0,0,0,0,0,0,0,0,1.0,1,1,1,1,1
465,0,indore,indore,Yes,Yes,0.5,3.0,"Studio, 1BHK, 2 BHK, 3BHK, 4 BHK",500,0,0,0,0,1,0,0,0,0,0,0,0,0,0,0,0,0,0,1,0,4.0,1,1,1,1,1
466,0,mumbai,mumbai,Yes,Yes,2.2,3.0,"Studio, 1BHK, 2 BHK, 3BHK, 4 BHK",550,0,0,0,0,0,0,0,0,0,0,0,0,0,0,0,1,0,0,0,0,2.0,1,1,1,1,1
467,0,mumbai,mumbai,Yes,Yes,2.0,3.0,"Studio, 1BHK, 2 BHK, 3BHK",700,0,0,0,0,0,0,0,0,0,0,0,0,0,0,1,0,0,0,0,0,3.0,1,1,1,0,1
468,0,nashik,pune,Yes,Yes,0.0,10.0,"Studio, 1BHK, 2 BHK",450,0,1,0,0,1,0,0,0,0,0,0,0,0,0,0,1,0,0,0,1,4.0,1,1,0,0,1
469,1,bangalore,bangalore,Yes,Yes,1.6,5.0,"Studio, 1BHK, 2 BHK, 3BHK, 4 BHK",550,2,0,2,2,1,0,0,0,0,0,0,0,1,0,0,0,0,0,0,0,2.0,1,1,1,1,1
470,0,kolkata,kolkata,Yes,Yes,5.0,5.0,"1BHK, 2 BHK, 3BHK, 4 BHK",450,0,0,0,0,0,0,0,0,0,0,0,0,1,0,0,0,0,0,0,1,4.0,1,1,1,1,0
471,1,coorg,pune,Yes,Yes,1.0,10.0,"1BHK, 2 BHK",500,0,0,0,0,0,0,0,0,0,0,0,0,0,0,0,0,0,0,1,0,4.0,1,1,0,0,0
472,1,hyderabad,hyderabad,Yes,Yes,0.0,3.0,2 BHK,500,0,1,2,0,0,0,0,0,0,0,0,0,0,0,1,0,0,0,0,0,2.0,0,1,0,0,0
473,0,mumbai,mumbai,Yes,No,1.0,5.0,"1BHK, 2 BHK, 3BHK",550,1,1,1,0,0,0,0,0,0,0,0,0,0,0,0,1,0,0,0,0,3.0,1,1,1,0,0
474,0,belgaum,bangalore,Yes,Yes,0.0,3.0,"2 BHK, 3BHK, 4 BHK",500,0,0,0,0,0,0,0,0,0,0,0,0,0,0,0,0,0,0,1,0,4.0,0,1,1,1,0
475,1,mumbai,mumbai,Yes,Yes,3.0,1.0,"Studio, 1BHK, 2 BHK, 3BHK",500,0,1,1,0,0,0,0,0,0,0,0,0,0,0,0,1,0,0,0,0,3.0,1,1,1,0,1
476,0,sangli,sangli,Yes,Yes,0.0,10.0,"Studio, 1BHK, 2 BHK, 3BHK, 4 BHK",400,0,0,0,0,0,0,0,0,0,0,0,1,0,0,0,0,0,0,0,1,4.0,1,1,1,1,1
477,1,vaododara,bangalore,Yes,No,2.0,3.0,"Studio, 1BHK, 2 BHK",550,1,1,1,0,0,0,0,1,0,0,0,0,0,0,0,0,0,0,0,0,3.0,1,1,0,0,1
478,0,chennai,chennai,Yes,Yes,0.0,3.0,"1BHK, 2 BHK, 3BHK, 4 BHK",700,2,0,2,2,0,0,0,0,0,0,0,0,0,0,0,1,0,0,0,0,2.0,1,1,1,1,0
479,0,guntur,mumbai,Yes,Yes,1.8,3.0,"Studio, 3BHK",500,0,0,0,0,0,0,0,0,0,0,0,0,0,0,0,1,0,0,0,0,1.0,0,0,1,0,1
480,0,gujarat,chennai,Yes,Yes,0.0,3.0,"3BHK, 4 BHK",450,0,1,0,0,0,0,0,0,0,0,0,0,0,0,0,0,0,0,1,0,1.0,0,0,1,1,0
481,0,trivandrum,bangalore,Yes,Yes,3.0,1.0,"1BHK, 2 BHK, 3BHK",500,0,0,0,0,1,0,0,0,0,0,0,0,0,1,0,0,0,0,0,0,2.0,1,1,1,0,0
482,1,haryana,gurgaon,Yes,Yes,0.0,3.0,2 BHK,400,0,1,0,1,1,0,0,0,0,0,0,0,0,0,0,0,0,0,1,0,3.0,0,1,0,0,0
483,0,palakkad,chennai,Yes,Yes,0.0,3.0,2 BHK,700,0,0,0,0,0,0,0,0,0,0,0,0,1,0,0,0,0,0,0,0,2.0,0,1,0,0,0
484,0,chennai,bangalore,Yes,Yes,2.5,3.0,"Studio, 1BHK, 2 BHK, 3BHK, 4 BHK",550,0,0,0,0,0,0,0,0,0,0,0,0,0,0,0,1,0,0,0,1,4.0,1,1,1,1,1
485,0,chennai,chennai,No,Yes,1.3600526315789474,4.046783625730995,"Studio, 1BHK, 2 BHK, 3BHK, 4 BHK",< $500,0,0,0,0,0,0,0,0,0,0,0,0,0,0,0,0,0,0,0,0,2.797270955165692,1,1,1,1,1
486,0,coimbatore,bangalore,Yes,Yes,2.0,5.0,"1BHK, 2 BHK",700,0,0,0,0,0,0,0,0,0,0,0,0,1,0,0,0,0,0,0,1,4.0,1,1,0,0,0
487,0,chennai,chennai,No,Yes,1.3600526315789474,4.046783625730995,"Studio, 1BHK, 2 BHK, 3BHK, 4 BHK",< $500,0,0,0,0,0,0,0,0,0,0,0,0,0,0,0,0,0,0,0,0,2.797270955165692,1,1,1,1,1
488,0,coimbatore,coimbatore,Yes,Yes,0.0,3.0,"1BHK, 2 BHK",400,0,0,0,2,0,0,0,0,0,0,0,0,0,1,0,0,0,0,0,0,4.0,1,1,0,0,0
489,0,mumbai,mumbai,Yes,Yes,0.0,3.0,"Studio, 1BHK, 2 BHK, 3BHK, 4 BHK",550,0,0,0,0,0,0,0,0,0,0,0,0,1,0,0,0,0,0,0,0,4.0,1,1,1,1,1
490,1,banglore,banglore,Yes,No,1.0,3.0,"Studio, 1BHK, 2 BHK",450,1,1,0,0,0,0,0,0,0,0,0,0,1,0,0,0,0,0,0,0,1.0,1,1,0,0,1
491,0,zz,zz,Yes,Yes,9.0,3.0,Studio,400,2,2,2,0,0,0,0,0,0,0,0,0,0,0,0,0,0,1,0,0,1.0,0,0,0,0,1
492,0,pune,pune,Yes,Yes,4.0,5.0,"1BHK, 2 BHK",550,0,1,0,0,1,0,0,0,0,0,0,0,0,0,1,0,0,0,0,0,4.0,1,1,0,0,0
493,0,nagpur,nagpur,Yes,Yes,1.0,3.0,2 BHK,500,0,0,0,0,0,0,0,0,0,0,0,0,1,0,0,0,0,0,0,0,2.0,0,1,0,0,0
494,1,vadodara,vadodara,Yes,Yes,0.0,3.0,"1BHK, 2 BHK, 3BHK",700,1,1,0,1,1,0,0,1,0,0,0,0,0,0,0,0,0,0,0,0,3.0,1,1,1,0,0
495,0,mumbai,mumbai,Yes,Yes,0.0,3.0,"2 BHK, 3BHK, 4 BHK",550,0,1,1,0,0,0,0,0,0,0,0,0,0,0,0,1,0,0,0,0,1.0,0,1,1,1,0
496,0,up,mumbai,Yes,Yes,0.4,1.0,"2 BHK, 3BHK, 4 BHK",1000,0,0,0,1,0,0,0,0,0,0,0,0,0,1,0,0,0,0,0,0,1.0,0,1,1,1,0
497,0,mumbai,mumbai,Yes,Yes,1.0,5.0,"1BHK, 2 BHK",500,0,1,0,0,0,0,0,0,0,0,0,0,1,0,0,0,0,0,0,0,4.0,1,1,0,0,0
498,0,chennai,bangalore,Yes,Yes,1.08,1.0,"Studio, 1BHK, 2 BHK",500,1,1,1,0,0,0,0,0,1,0,0,0,0,0,0,0,0,0,0,0,2.0,1,1,0,0,1
499,0,dehradun,dehradun,Yes,Yes,1.0,1.0,1BHK,500,0,0,0,0,1,0,0,1,0,0,0,0,0,0,0,0,0,0,0,0,1.0,1,0,0,0,0
500,0,indore,indore,Yes,Yes,0.0,3.0,"1BHK, 2 BHK",550,1,1,0,0,0,0,0,1,0,0,0,0,0,0,0,0,0,0,0,0,2.0,1,1,0,0,0
501,0,vadodara,vadodara,Yes,Yes,6.0,1.0,2 BHK,500,1,1,1,0,0,0,0,0,0,0,0,0,0,0,0,1,0,0,0,0,4.0,0,1,0,0,0
502,0,hyderabad,hyderabad,Yes,Yes,0.3,10.0,"2 BHK, 3BHK",500,0,0,0,0,0,0,0,0,0,0,0,0,0,1,0,0,0,0,0,0,2.0,0,1,1,0,0
503,0,himachal pradesh,delhi,Yes,Yes,1.0,3.0,"2 BHK, 3BHK",550,0,0,0,0,0,0,0,1,0,0,0,0,0,0,0,0,0,0,0,0,2.0,0,1,1,0,0
504,0,mehsana,surat,Yes,Yes,0.0,5.0,2 BHK,550,0,0,0,0,0,0,0,0,0,0,0,0,0,0,0,0,1,0,0,1,4.0,0,1,0,0,0
505,1,jalandhar,jalandhar,Yes,Yes,0.0,3.0,"Studio, 2 BHK, 3BHK",400,0,1,0,0,0,0,0,0,0,0,0,0,0,0,0,0,0,0,1,0,3.0,0,1,1,0,1
506,0,surat,surat,Yes,Yes,0.0,3.0,"1BHK, 2 BHK",550,0,0,0,0,0,0,0,0,0,0,0,1,0,0,0,0,0,0,0,0,2.0,1,1,0,0,0
507,0,mumbai,mumbai,Yes,Yes,0.0,3.0,2 BHK,550,0,0,1,0,0,0,0,0,0,0,0,0,0,0,0,1,0,0,0,1,2.0,0,1,0,0,0
508,1,mumbai,mumbai,Yes,Yes,3.0,3.0,"1BHK, 2 BHK",500,0,0,0,0,0,0,0,0,0,0,0,0,0,0,0,1,0,0,0,0,4.0,1,1,0,0,0
509,0,indore,navi mumbai,Yes,Yes,3.0,1.0,2 BHK,550,0,0,0,0,0,0,0,0,0,0,0,0,0,0,0,1,0,0,0,1,2.0,0,1,0,0,0
510,0,chennai,boston,Yes,Yes,4.0,3.0,"Studio, 1BHK, 2 BHK, 3BHK, 4 BHK",500,0,0,0,0,1,0,0,0,0,0,0,0,1,0,0,0,0,0,0,0,2.0,1,1,1,1,1
511,0,hosur,hosur,Yes,Yes,2.0,3.0,"Studio, 1BHK, 2 BHK, 3BHK, 4 BHK",500,0,0,0,1,0,0,0,1,0,0,0,0,0,0,0,0,0,0,0,1,2.0,1,1,1,1,1
512,0,hyderabad,hyderabad,Yes,Yes,0.0,10.0,"Studio, 1BHK, 2 BHK",450,1,1,0,0,0,0,0,0,1,0,0,0,0,0,0,0,0,0,0,0,2.0,1,1,0,0,1
513,0,chennai,chennai,Yes,No,5.0,3.0,"Studio, 1BHK, 2 BHK, 3BHK, 4 BHK",500,0,0,0,0,0,0,0,1,0,0,0,0,0,0,0,0,0,0,0,1,2.0,1,1,1,1,1
514,0,indore,indore,Yes,Yes,0.0,3.0,"1BHK, 2 BHK",550,1,1,1,0,0,0,0,1,0,0,0,0,0,0,0,0,0,0,0,0,2.0,1,1,0,0,0
515,0,thanjavur,thanjavur,Yes,Yes,1.0,3.0,"1BHK, 2 BHK",500,1,1,1,0,0,0,0,0,1,0,0,0,0,0,0,0,0,0,0,0,2.0,1,1,0,0,0
516,0,mangalore,india,Yes,Yes,0.0,5.0,"1BHK, 2 BHK, 3BHK",700,0,1,0,2,0,0,0,0,0,0,0,1,0,0,0,0,0,0,0,0,4.0,1,1,1,0,0
517,0,rajkot,mumbai,Yes,Yes,3.0,10.0,"Studio, 1BHK, 2 BHK, 3BHK, 4 BHK",550,0,0,0,1,0,0,0,1,0,0,0,0,0,0,0,0,0,0,0,1,4.0,1,1,1,1,1
518,0,jaipur,jaipur,Yes,No,3.0,3.0,"Studio, 1BHK, 2 BHK, 3BHK, 4 BHK",500,0,1,0,0,0,0,0,1,0,0,0,0,0,0,0,0,0,0,0,0,2.0,1,1,1,1,1
519,0,navi mumbai,navi mumbai,Yes,Yes,4.0,10.0,"2 BHK, 3BHK",500,2,1,2,0,0,0,0,0,0,0,0,0,0,0,0,1,0,0,0,0,2.0,0,1,1,0,0
520,0,raipur,raipur,Yes,Yes,2.0,5.0,"1BHK, 2 BHK",500,1,1,1,0,0,0,0,0,0,0,0,0,0,0,0,1,0,0,0,0,3.0,1,1,0,0,0
521,1,indore,indore,Yes,Yes,0.0,3.0,"Studio, 1BHK, 2 BHK",550,0,0,0,0,0,0,0,0,0,0,0,0,1,0,0,0,0,0,0,0,1.0,1,1,0,0,1
